"XYID","District","District_c","Gr_ml_cm","Ho_size_r","Ho_size_u","Mg_fl_cl","Name.x","Pop_2001","Pop_2011","Pop_2013","Pop_g_r","Pop_g_u","Population","Source","State","State_code","Township","Township_c","Village","Village_co","Village_fa","Village_hh","Village_po","Villagetra","Vt_code","Vt_hh","Vt_pop","X","Y","Demand..household....Target.household.count","Demand..peak....Projected.peak.nodal.demand","Metric...System.x","System..grid....Internal.system.initial.cost","Sequence..Upstream.segment.distance.m","far.sighted.sequence","CumMV","MVPct","MVPhase","CumHH","HHPct","HHPhase","CumPkDmd","PkDmdPct","PkDmdPhase","ExtIniCst","TotalIniCst","CumTotalIniCst","TotalIniCstPct","TotalIniCstPhase","State_GIS"
97520831963166,"","",20,5.88,5.5,1.14,"Shadaw",1478,1852,NA,0.0151,0.0157,1852,"DRD","Kayah","10","","","",NA,"","",NA,"","","","",97.520833,19.631667,498,181.9178082,"grid",311120,2795.29514,3466,3603400.452,"5.84031%",1,2352432,0.3018641,2,931666.484,"31.914%",2,55905.9028,367025.9028,1535094797,0.2517883,2,"Kayah State"
97211971961426,"Loikaw","1001",20,5.88,5.5,1.14,"sanpya6-miles",618,774,NA,0.0151,0.0157,774,"DRD","Kayah","10","Demoso","100102","sanpya6-miles",10010213001,"127","119",618,"sanpya6-miles","10010213","407","2098",97.211975,19.6142697,210,76.71232877,"grid",130820,1532.538458,6297,6772319.7,"10.97642%",1,3118100,0.4001146,3,1211467.763,"41.499%",3,30650.76915,161470.7692,2075029748,0.3403492,2,"Kayah State"
97211491960977,"Loikaw","1001",20,5.88,5.5,1.14,"wanlahtur",419,525,NA,0.0151,0.0157,525,"DRD","Kayah","10","Demoso","100102","wanlahtur",10010213002,"88","81",419,"sanpya6-miles","10010213","407","2098",97.2114987,19.6097764,144,52.60273973,"grid",91220,502.1175819,6298,6772821.818,"10.97724%",1,3118244,0.4001331,3,1211544.475,"41.502%",3,10042.35164,101262.3516,2075131010,0.3403658,2,"Kayah State"
97297601889481,"bawlakhae","1002",20,5.88,5.5,1.14,"nan hu kong",439,550,NA,0.0151,0.0157,550,"DRD","Kayah","10","pharsaung","100202","nan hu kong",10020201002,"27","27",439,"pharsaung","10020201","65","895",97.2976012,18.8948166,150,54.79452055,"grid",94820,1011.87306,6446,6954197.757,"11.27121%",1,3153461,0.4046521,3,1224406.941,"41.942%",3,20237.4612,115057.4612,2100664800,0.3445539,2,"Kayah State"
97228391976495,"Loikaw","1001",20,5.88,5.5,1.14,"Lael-twe",435,545,NA,0.0151,0.0157,545,"DRD","Kayah","10","Loikaw","100101","Lael-twe",10010109014,"","",435,"Noar-la-wo","10010109","1139","4474",97.2283963,19.7649571,149,54.42922374,"grid",94220,1097.440164,8434,9154094.419,"14.83675%",1,3558321,0.4566038,3,1372301.37,"47.008%",3,21948.80329,116168.8033,2396706162,0.393111,2,"Kayah State"
97109311945340,"Loikaw","1001",20,5.88,5.5,1.14,"Solyahku",711,891,NA,0.0151,0.0157,891,"DRD","Kayah","10","Hpruso","100103","Solyahku",10010303005,"140","106",711,"Hpruso","10010303","430","2812",97.1093172,19.4534078,241,88.03652968,"grid",151920,1928.415306,10404,11312486.03,"18.33502%",1,3931244,0.5044573,3,1508495.342,"51.674%",3,38568.30612,190488.3061,2671925123,0.4382528,3,"Kayah State"
97214861960722,"Loikaw","1001",20,5.88,5.5,1.14,"hophe",286,358,NA,0.0151,0.0157,358,"DRD","Kayah","10","Demoso","100102","hophe",10010213003,"59","55",286,"sanpya6-mile","10010213","407","2098",97.2148629,19.6072232,99,36.16438356,"grid",61720,452.5249823,11303,12345359.55,"20.00908%",2,4088130,0.5245889,3,1565857.169,"53.639%",3,9050.499646,70770.49965,2790257644,0.4576619,3,"Kayah State"
97114931947019,"Loikaw","1001",20,5.88,5.5,1.14,"Lawhkawhku",592,742,NA,0.0151,0.0157,742,"DRD","Kayah","10","Hpruso","100103","Lawhkawhku",10010304006,"121","89",592,"Htipawso","10010304","343","2087",97.1149301,19.4701927,202,73.78995434,"grid",126020,1815.404756,14184,15710831.42,"25.46376%",2,4621131,0.5929836,3,1760523.105,"60.307%",4,36308.09512,162328.0951,3189697918,0.5231786,3,"Kayah State"
97192991886927,"bawlakhae","1002",20,5.88,5.5,1.14,"kananlo",316,396,NA,0.0151,0.0157,396,"DRD","Kayah","10","pharsaung","100202","kananlo",10020205001,"31","31",316,"maw chi(collection)","10020205","211","2787",97.1929903,18.8692702,109,39.8173516,"grid",67720,7076.177855,17937,20287678.65,"32.88181%",2,5317875,0.6823898,4,2015075.434,"69.027%",4,141523.5571,209243.5571,3715343844,0.6093958,4,"Kayah State"
97164691888851,"bawlakhae","1002",20,5.88,5.5,1.14,"swapal",318,398,NA,0.0151,0.0157,398,"DRD","Kayah","10","pharsaung","100202","swapal",10020205002,"32","32",318,"maw chi(collection)","10020205","211","2787",97.1646952,18.8885108,110,40.1826484,"grid",68320,3666.053388,17938,20291344.7,"32.88775%",2,5317985,0.6824039,4,2015115.251,"69.028%",4,73321.06777,141641.0678,3715485485,0.609419,4,"Kayah State"
97148121886466,"bawlakhae","1002",20,5.88,5.5,1.14,"palarse",308,386,NA,0.0151,0.0157,386,"DRD","Kayah","10","pharsaung","100202","palarse",10020205003,"31","31",308,"maw chi(collection)","10020205","211","2787",97.1481224,18.8646621,107,39.08675799,"grid",66520,3173.776168,17939,20294518.48,"32.89290%",2,5318092,0.6824176,4,2015155.434,"69.029%",4,63475.52337,129995.5234,3715615481,0.6094403,4,"Kayah State"
97162431883313,"bawlakhae","1002",20,5.88,5.5,1.14,"bulobar",489,613,NA,0.0151,0.0157,613,"DRD","Kayah","10","pharsaung","100202","bulobar",10020205004,"48","48",489,"maw chi(collection)","10020205","211","2787",97.1624316,18.8331333,167,61.00456621,"grid",105020,3815.542893,17940,20298334.02,"32.89908%",2,5318259,0.682439,4,2015194.521,"69.031%",4,76310.85786,181330.8579,3715796812,0.6094701,4,"Kayah State"
97151671882529,"bawlakhae","1002",20,5.88,5.5,1.14,"lokalo",3541,4436,NA,0.0151,0.0157,4436,"DRD","Kayah","10","pharsaung","100202","lokalo",10020203003,"356","356",3541,"mawchi","10020203","1232","12447",97.1516795,18.8252915,1285,469.4063927,"grid",800820,1428.582458,17941,20299762.6,"32.90140%",2,5319544,0.6826039,4,2015255.525,"69.033%",4,28571.64916,829391.6492,3716626203,0.6096061,4,"Kayah State"
97151031882060,"bawlakhae","1002",20,5.88,5.5,1.14,"taung paw",4476,5608,NA,0.0151,0.0157,5608,"DRD","Kayah","10","pharsaung","100202","taung paw",10020203001,"426","426",4476,"mawchi","10020203","1232","12447",97.1510328,18.8206027,1631,595.7990868,"grid",1015920,525.795643,17942,20300288.4,"32.90225%",2,5321175,0.6828132,4,2015724.932,"69.049%",4,10515.91286,1026435.913,3717652639,0.6097745,4,"Kayah State"
97171561881009,"bawlakhae","1002",20,5.88,5.5,1.14,"taung auk",4430,5550,NA,0.0151,0.0157,5550,"DRD","Kayah","10","pharsaung","100202","taung auk",10020203002,"450","450",4430,"mawchi","10020203","1232","12447",97.1715669,18.8100931,1614,589.5890411,"grid",1003220,2456.987939,17943,20302745.39,"32.90623%",2,5322789,0.6830203,4,2016320.731,"69.069%",4,49139.75879,1052359.759,3718704999,0.6099471,4,"Kayah State"
97236301972626,"Loikaw","1001",20,5.88,5.5,1.14,"Phar-ti-mar",356,446,NA,0.0151,0.0157,446,"DRD","Kayah","10","Loikaw","100101","Phar-ti-mar",10010105008,"","",356,"Kyi-kai","10010105","881","5140",97.2363069,19.7262603,123,44.93150685,"grid",78620,1700.236501,18782,21389876.54,"34.66823%",2,5456578,0.7001881,4,2065738.082,"70.762%",4,34004.73001,112624.73,3823736832,0.6271745,4,"Kayah State"
97246031972427,"Loikaw","1001",20,5.88,5.5,1.14,"Daw-mu-kalar",217,272,NA,0.0151,0.0157,272,"DRD","Kayah","10","Loikaw","100101","Daw-mu-kalar",10010105005,"","",217,"Kyi-kai","10010105","881","5140",97.2460399,19.724274,77,28.12785388,"grid",48520,1042.423826,18783,21390918.96,"34.66992%",2,5456655,0.700198,4,2065783.014,"70.764%",4,20848.47653,69368.47653,3823806201,0.6271859,4,"Kayah State"
97258751973619,"Loikaw","1001",20,5.88,5.5,1.14,"Pa-kye",351,440,NA,0.0151,0.0157,440,"DRD","Kayah","10","Loikaw","100101","Pa-kye",10010105006,"","",351,"Kyi-kai","10010105","881","5140",97.2587522,19.7361927,121,44.20091324,"grid",77420,1877.98091,18784,21392796.94,"34.67296%",2,5456776,0.7002135,4,2065811.142,"70.765%",4,37559.61821,114979.6182,3823921180,0.6272048,4,"Kayah State"
97254631974007,"Loikaw","1001",20,5.88,5.5,1.14,"Pa-kye(sanpya)",506,634,NA,0.0151,0.0157,634,"DRD","Kayah","10","Loikaw","100101","Pa-kye(sanpya)",10010105007,"","",506,"Kyi-kai","10010105","881","5140",97.2546389,19.7400739,173,63.19634703,"grid",108620,609.5805201,18785,21393406.53,"34.67395%",2,5456949,0.7002357,4,2065855.342,"70.766%",4,12191.6104,120811.6104,3824041992,0.6272246,4,"Kayah State"
97154381944707,"Loikaw","1001",20,5.88,5.5,1.14,"Htikhalukhal",473,593,NA,0.0151,0.0157,593,"DRD","Kayah","10","Hpruso","100103","Htikhalukhal",10010303004,"82","68",473,"Hpruso","10010303","430","2812",97.1543822,19.4470701,162,59.17808219,"grid",102020,1471.812088,19149,21803450.06,"35.33854%",2,5506920,0.706648,4,2084113.607,"71.392%",4,29436.24176,131456.2418,3863385464,0.6336778,4,"Kayah State"
97119281967074,"Loikaw","1001",20,5.88,5.5,1.14,"hkawhku(shan)",259,324,NA,0.0151,0.0157,324,"DRD","Kayah","10","Demoso","100102","hkawhku(shan)",10010203002,"57","51",259,"namme-kon","10010203","221","1029",97.119288,19.6707495,90,32.87671233,"grid",56320,1147.644908,19933,22751575.46,"36.87524%",2,5623805,0.7216467,4,2126837.626,"72.855%",4,22952.89815,79272.89815,3955226405,0.6487416,4,"Kayah State"
97122081967181,"Loikaw","1001",20,5.88,5.5,1.14,"hkawhku(kayah)",238,298,NA,0.0151,0.0157,298,"DRD","Kayah","10","Demoso","100102","hkawhku(kayah)",10010203001,"51","46",238,"Namme-kon","10010203","221","1029",97.1220807,19.6718191,83,30.3196347,"grid",52120,315.673709,19934,22751891.14,"36.87575%",2,5623888,0.7216574,4,2126870.502,"72.856%",4,6313.47418,58433.47418,3955284839,0.6487512,4,"Kayah State"
97133311967900,"Loikaw","1001",20,5.88,5.5,1.14,"pawktaw",220,276,NA,0.0151,0.0157,276,"DRD","Kayah","10","Demoso","100102","pawktaw",10010202002,"47","43",220,"hpya-pyu","10010202","224","1150",97.1333111,19.6790089,77,28.12785388,"grid",48520,1421.897139,19935,22753313.03,"36.87806%",2,5623965,0.7216672,4,2126900.822,"72.857%",4,28437.94279,76957.94279,3955361797,0.6487638,4,"Kayah State"
97137171967336,"Loikaw","1001",20,5.88,5.5,1.14,"Hpya-pyu",410,514,NA,0.0151,0.0157,514,"DRD","Kayah","10","Demoso","100102","Hpya-pyu",10010202001,"85","80",410,"hpya-pyu","10010202","224","1150",97.1371734,19.673364,141,51.50684932,"grid",89420,746.6739237,19936,22754059.71,"36.87927%",2,5624106,0.7216853,4,2126928.95,"72.858%",4,14933.47847,104353.4785,3955466150,0.648781,4,"Kayah State"
97289791960721,"Loikaw","1001",20,5.88,5.5,1.14,"Ma-htu-hku(lower)",278,348,NA,0.0151,0.0157,348,"DRD","Kayah","10","Loikaw","100101","Ma-htu-hku(lower)",10010103002,"","",278,"Ma-htur-hku","10010103","347","1513",97.2897903,19.6072157,96,35.06849315,"grid",59920,1138.568325,20019,22834899.83,"37.01029%",2,5632856,0.7228081,4,2130141.735,"72.968%",4,22771.36651,82691.36651,3962560209,0.6499445,4,"Kayah State"
97290111961180,"Loikaw","1001",20,5.88,5.5,1.14,"Ma-htu-hku(upper)",145,182,NA,0.0151,0.0157,182,"DRD","Kayah","10","Loikaw","100101","Ma-htu-hku(upper)",10010103001,"","",145,"Ma-htur-hku","10010103","347","1513",97.2901182,19.611807,52,18.99543379,"grid",33520,511.6840935,20020,22835411.51,"37.01112%",2,5632908,0.7228148,4,2130176.804,"72.969%",4,10233.68187,43753.68187,3962603962,0.6499517,4,"Kayah State"
97171591943744,"Loikaw","1001",20,5.88,5.5,1.14,"Hkosamaw",333,417,NA,0.0151,0.0157,417,"DRD","Kayah","10","Hpruso","100103","Hkosamaw",10010303003,"67","54",333,"Hpruso","10010303","430","2812",97.1715941,19.4374477,115,42.00913242,"grid",71320,2098.07664,20419,23359678.72,"37.86084%",2,5695472,0.730843,4,2153008.219,"73.752%",4,41961.53279,113281.5328,4012058537,0.6580633,4,"Kayah State"
97179591941806,"Loikaw","1001",20,5.88,5.5,1.14,"Lawhkohku",804,1007,NA,0.0151,0.0157,1007,"DRD","Kayah","10","Hpruso","100103","Lawhkohku",10010303002,"153","126",804,"Hpruso","10010303","430","2812",97.1795901,19.4180674,272,99.36073059,"grid",170520,2312.372903,20420,23361991.09,"37.86459%",2,5695744,0.7308779,4,2153050.228,"73.753%",4,46247.45807,216767.4581,4012275305,0.6580989,4,"Kayah State"
97208851959705,"Loikaw","1001",20,5.88,5.5,1.14,"dawglale",328,411,NA,0.0151,0.0157,411,"DRD","Kayah","10","Demoso","100102","dawglale",10010212005,"71","66",328,"Ngwedaung","10010212","528","2714",97.2088561,19.5970579,113,41.27853881,"grid",70120,1293.662811,20507,23473150.02,"38.04475%",2,5708627,0.7325311,4,2157814.429,"73.916%",4,25873.25622,95993.25622,4022511090,0.6597778,4,"Kayah State"
97200091972714,"Loikaw","1001",20,5.88,5.5,1.14,"Htay-palaw-hku",264,331,NA,0.0151,0.0157,331,"DRD","Kayah","10","Loikaw","100101","Htay-palaw-hku",10010109012,"","",264,"Noar-la-wo","10010109","1139","4474",97.2000949,19.7271445,92,33.60730594,"grid",57520,1070.506115,20789,23814281.76,"38.59765%",2,5745923,0.7373169,4,2171446.21,"74.383%",4,21410.1223,78930.1223,4052564635,0.6647072,4,"Kayah State"
97189221974353,"Loikaw","1001",20,5.88,5.5,1.14,"Lin-hpun-lay(lower)",346,433,NA,0.0151,0.0157,433,"DRD","Kayah","10","Loikaw","100101","Lin-hpun-lay(lower)",10010109006,"","",346,"Noar-la-wo","10010109","1139","4474",97.1892244,19.7435379,119,43.47031963,"grid",76220,1017.444668,21232,24356602.04,"39.47663%",2,5802163,0.7445336,4,2191980.639,"75.087%",4,20348.89335,96568.89335,4098492562,0.6722403,4,"Kayah State"
97127531955533,"Loikaw","1001",20,5.88,5.5,1.14,"4-mile",237,297,NA,0.0151,0.0157,297,"DRD","Kayah","10","Demoso","100102","4-mile",10010206003,"59","46",237,"Naungpale","10010206","237","1223",97.1275346,19.5553349,83,30.3196347,"grid",52120,1754.71062,21257,24390169.77,"39.53104%",2,5805811,0.7450017,4,2193326.393,"75.133%",4,35094.21239,87214.21239,4101434343,0.6727229,4,"Kayah State"
97132371955211,"Loikaw","1001",20,5.88,5.5,1.14,"Naungpale",261,327,NA,0.0151,0.0157,327,"DRD","Kayah","10","Demoso","100102","Naungpale",10010206001,"56","51",261,"Naungpale","10010206","237","1223",97.1323703,19.5521112,91,33.24200913,"grid",56920,620.6720233,21258,24390790.45,"39.53204%",2,5805902,0.7450134,4,2193356.712,"75.134%",4,12413.44047,69333.44047,4101503676,0.6727342,4,"Kayah State"
97135861955497,"Loikaw","1001",20,5.88,5.5,1.14,"sawbawhse",248,311,NA,0.0151,0.0157,311,"DRD","Kayah","10","Demoso","100102","sawbawhse",10010206002,"53","48",248,"Naungpale","10010206","237","1223",97.1358626,19.5549768,86,31.41552511,"grid",53920,485.2192954,21259,24391275.67,"39.53283%",2,5805988,0.7450244,4,2193389.954,"75.135%",4,9704.385907,63624.38591,4101567301,0.6727447,4,"Kayah State"
97071161957626,"Loikaw","1001",20,5.88,5.5,1.14,"Mya-le",367,460,NA,0.0151,0.0157,460,"DRD","Kayah","10","Demoso","100102","Mya-le",10010211001,"78","71",367,"Mya-le","10010211","203","1050",97.0711618,19.5762651,127,46.39269406,"grid",81020,1582.825493,22091,25380140.95,"41.13556%",3,5919229,0.7595555,4,2234741.553,"76.551%",4,31656.50985,112676.5099,4192059739,0.6875874,4,"Kayah State"
97121981954745,"Loikaw","1001",20,5.88,5.5,1.14,"myaenikong",257,322,NA,0.0151,0.0157,322,"DRD","Kayah","10","Demoso","100102","myaenikong",10010206004,"54","50",257,"Naungpale","10010206","237","1223",97.1219826,19.5474547,90,32.87671233,"grid",56320,1051.779471,23249,26860788.01,"43.53536%",3,6082149,0.7804614,4,2294269.224,"78.590%",4,21035.58942,77355.58942,4323238763,0.7091035,4,"Kayah State"
97117501968501,"Loikaw","1001",20,5.88,5.5,1.14,"Namsanghkam(east)",262,328,NA,0.0151,0.0157,328,"DRD","Kayah","10","Demoso","100102","Namsanghkam(east)",10010202003,"54","51",262,"hpya-pyu","10010202","224","1150",97.1175054,19.6850103,91,33.24200913,"grid",56920,1543.039499,24314,28313578.36,"45.89001%",3,6218921,0.798012,4,2344231.233,"80.302%",5,30860.78999,87780.78999,4437770487,0.7278892,4,"Kayah State"
97108851969617,"Loikaw","1001",20,5.88,5.5,1.14,"wesehku(south)",354,444,NA,0.0151,0.0157,444,"DRD","Kayah","10","Demoso","100102","wesehku(south)",10010201004,"62","58",354,"sintaung","10010201","390","2250",97.1088508,19.6961713,122,44.56621005,"grid",78020,1536.611946,24315,28315114.97,"45.89250%",3,6219043,0.7980276,4,2344264.475,"80.303%",5,30732.23891,108752.2389,4437879239,0.727907,4,"Kayah State"
97189161974634,"Loikaw","1001",20,5.88,5.5,1.14,"Lin-hpun-lay(upper)",264,331,NA,0.0151,0.0157,331,"DRD","Kayah","10","Loikaw","100101","Lin-hpun-lay(upper)",10010109008,"","",264,"Noar-la-wo","10010109","1139","4474",97.1891656,19.7463415,92,33.60730594,"grid",57520,311.8073354,24401,28451814.37,"46.11406%",3,6231804,0.7996651,4,2348936.986,"80.463%",5,6236.146708,63756.14671,4448535757,0.7296549,4,"Kayah State"
97229051938052,"Loikaw","1001",20,5.88,5.5,1.14,"Lawbyanye",301,377,NA,0.0151,0.0157,377,"DRD","Kayah","10","Hpruso","100103","Lawbyanye",10010302004,"63","58",301,"Kyelya","10010302","366","2076",97.2290573,19.3805265,104,37.99086758,"grid",64720,3046.267903,25031,29350704.27,"47.57096%",3,6309332,0.8096135,5,2377253.333,"81.433%",5,60925.35806,125645.3581,4514834881,0.7405294,4,"Kayah State"
97238671935830,"Loikaw","1001",20,5.88,5.5,1.14,"Kyelya",357,447,NA,0.0151,0.0157,447,"DRD","Kayah","10","Hpruso","100103","Kyelya",10010302005,"82","71",357,"Kyelya","10010302","366","2076",97.2386797,19.3583002,123,44.93150685,"grid",78620,2669.64208,25032,29353373.91,"47.57529%",3,6309455,0.8096293,5,2377291.324,"81.434%",5,53392.8416,132012.8416,4514966894,0.740551,4,"Kayah State"
97299561936196,"Loikaw","1001",20,5.88,5.5,1.14,"dawtacha",906,1135,NA,0.0151,0.0157,1135,"DRD","Kayah","10","Demoso","100102","dawtacha",10010214003,"184","178",906,"Dawtamagyi","10010214","741","3759",97.2995687,19.3619667,306,111.7808219,"grid",190920,6400.704867,25033,29359774.61,"47.58566%",3,6309761,0.8096686,5,2377336.256,"81.436%",5,128014.0973,318934.0973,4515285828,0.7406033,4,"Kayah State"
97354171932628,"Loikaw","1001",20,5.88,5.5,1.14,"Dawtamagyi",1907,2389,NA,0.0151,0.0157,2389,"DRD","Kayah","10","Demoso","100102","Dawtamagyi",10010214001,"379","371",1907,"Dawtamagyi","10010214","741","3759",97.3541744,19.3262899,640,233.7899543,"grid",398820,6968.529694,25034,29366743.14,"47.59696%",3,6310401,0.8097507,5,2377448.037,"81.440%",5,139370.5939,538190.5939,4515824018,0.7406916,4,"Kayah State"
97368581929468,"Loikaw","1001",20,5.88,5.5,1.14,"dawnyehku",982,1230,NA,0.0151,0.0157,1230,"DRD","Kayah","10","Demoso","100102","dawnyehku",10010214002,"197","192",982,"Dawtamagyi","10010214","741","3759",97.3685814,19.2946885,332,121.2785388,"grid",206520,3825.357826,25035,29370568.5,"47.60316%",3,6310733,0.8097933,5,2377681.826,"81.448%",5,76507.15651,283027.1565,4516107046,0.740738,4,"Kayah State"
97117951954700,"Loikaw","1001",20,5.88,5.5,1.14,"kafu",118,148,NA,0.0151,0.0157,148,"DRD","Kayah","10","Demoso","100102","kafu",10010206005,"26","23",118,"Naungpale","10010206","237","1223",97.117953,19.5470069,43,15.70776256,"grid",28120,425.1733782,25061,29404868,"47.65875%",3,6314193,0.8102373,5,2379051.324,"81.495%",5,8503.467565,36623.46756,4518953442,0.7412049,4,"Kayah State"
97145681971379,"Loikaw","1001",20,5.88,5.5,1.14,"No-ko(yoar-ma)",118,148,NA,0.0151,0.0157,148,"DRD","Kayah","10","Loikaw","100101","No-ko(yoar-ma)",10010108003,"","",118,"No-ko","10010108","307","1285",97.1456812,19.7137941,43,15.70776256,"grid",28120,1055.431814,25333,29984712.51,"48.59855%",3,6390366,0.8200118,5,2406877.078,"82.448%",5,21108.63627,49228.63627,4578263926,0.7509331,4,"Kayah State"
97135451972452,"Loikaw","1001",20,5.88,5.5,1.14,"La-hkra-nga-hku",150,188,NA,0.0151,0.0157,188,"DRD","Kayah","10","Loikaw","100101","La-hkra-nga-hku",10010108008,"","",150,"No-ko","10010108","307","1285",97.1354514,19.7245205,54,19.7260274,"grid",34720,1602.87137,25334,29986315.38,"48.60114%",3,6390420,0.8200187,5,2406892.785,"82.448%",5,32057.4274,66777.4274,4578330704,0.750944,4,"Kayah State"
97137331973047,"Loikaw","1001",20,5.88,5.5,1.14,"Hsawhkyi-daw",263,330,NA,0.0151,0.0157,330,"DRD","Kayah","10","Loikaw","100101","Hsawhkyi-daw",10010108007,"","",263,"No-ko","10010108","307","1285",97.1373383,19.7304797,92,33.60730594,"grid",57520,691.4403636,25335,29987006.82,"48.60226%",3,6390512,0.8200305,5,2406912.511,"82.449%",5,13828.80727,71348.80727,4578402052,0.7509558,4,"Kayah State"
97142311974443,"Loikaw","1001",20,5.88,5.5,1.14,"Daw-lo-hse",118,148,NA,0.0151,0.0157,148,"DRD","Kayah","10","Loikaw","100101","Daw-lo-hse",10010108006,"","",118,"No-ko","10010108","307","1285",97.1423132,19.7444317,43,15.70776256,"grid",28120,1636.440119,25336,29988643.26,"48.60492%",3,6390555,0.8200361,5,2406946.119,"82.450%",5,32728.80238,60848.80238,4578462901,0.7509657,4,"Kayah State"
97148821974598,"Loikaw","1001",20,5.88,5.5,1.14,"Thet-yet-pin",412,516,NA,0.0151,0.0157,516,"DRD","Kayah","10","Loikaw","100101","Thet-yet-pin",10010110006,"","",412,"Kong-thar","10010110","625","3807",97.1488256,19.745982,141,51.50684932,"grid",89420,703.0325995,25337,29989346.3,"48.60606%",3,6390696,0.8200542,5,2406961.826,"82.451%",5,14060.65199,103480.652,4578566382,0.7509827,4,"Kayah State"
97155951974921,"Loikaw","1001",20,5.88,5.5,1.14,"Wa-saung",638,799,NA,0.0151,0.0157,799,"DRD","Kayah","10","Loikaw","100101","Wa-saung",10010110002,"","",638,"Kong-thar","10010110","625","3807",97.1559587,19.7492182,217,79.26940639,"grid",135020,828.7240681,25338,29990175.02,"48.60740%",3,6390913,0.820082,5,2407013.333,"82.453%",5,16574.48136,151594.4814,4578717976,0.7510076,4,"Kayah State"
97157551973495,"Loikaw","1001",20,5.88,5.5,1.14,"Daw-hsaw-le",262,328,NA,0.0151,0.0157,328,"DRD","Kayah","10","Loikaw","100101","Daw-hsaw-le",10010108002,"","",262,"No-ko","10010108","307","1285",97.1575542,19.734954,91,33.24200913,"grid",56920,1529.138913,25978,30966656.56,"50.19006%",3,6478935,0.831377,5,2439213.516,"83.556%",5,30582.77827,87502.77827,4653052343,0.7632,4,"Kayah State"
97157591972740,"Loikaw","1001",20,5.88,5.5,1.14,"No-ko(sanpya)",160,200,NA,0.0151,0.0157,200,"DRD","Kayah","10","Loikaw","100101","No-ko(sanpya)",10010108001,"","",160,"No-ko","10010108","307","1285",97.1575989,19.7274011,57,20.82191781,"grid",36520,839.8585144,25979,30967496.42,"50.19142%",3,6478992,0.8313843,5,2439246.758,"83.557%",5,16797.17029,53317.17029,4653105660,0.7632087,4,"Kayah State"
96944211952751,"Loikaw","1001",20,5.88,5.5,1.14,"Lobahku",249,312,NA,0.0151,0.0157,312,"DRD","Kayah","10","Demoso","100102","Lobahku",10010210001,"53","48",249,"Lobahku","10010210","225","1179",96.9442104,19.5275176,87,31.78082192,"grid",54520,1396.073595,26088,31133108.62,"50.45984%",3,6492771,0.8331524,5,2444269.224,"83.729%",5,27921.4719,82441.4719,4665027033,0.7651641,4,"Kayah State"
97093891940874,"Loikaw","1001",20,5.88,5.5,1.14,"Dikuli",193,242,NA,0.0151,0.0157,242,"DRD","Kayah","10","Hpruso","100103","Dikuli",10010305002,"41","37",193,"Mohso","10010305","297","1591",97.0938982,19.4087499,68,24.84018265,"grid",43120,1173.733397,26236,31366260.87,"50.83773%",3,6512001,0.83562,5,2451300.822,"83.970%",5,23474.66795,66594.66795,4681647397,0.7678902,4,"Kayah State"
97085461942156,"Loikaw","1001",20,5.88,5.5,1.14,"mohso",352,441,NA,0.0151,0.0157,441,"DRD","Kayah","10","Hpruso","100103","mohso",NA,"79","64",352,"Mohso","10010305","297","1591",97.0854611,19.4215689,121,44.20091324,"grid",77420,1677.704287,26237,31367938.57,"50.84045%",3,6512122,0.8356355,5,2451325.662,"83.970%",5,33554.08574,110974.0857,4681758371,0.7679084,4,"Kayah State"
97135491975643,"Loikaw","1001",20,5.88,5.5,1.14,"Piking-kall-hku",309,387,NA,0.0151,0.0157,387,"DRD","Kayah","10","Loikaw","100101","Piking-kall-hku",10010110005,"","",309,"Kong-thar","10010110","625","3807",97.1354939,19.7564348,107,39.08675799,"grid",66520,1513.507824,26351,31545738.51,"51.12862%",3,6526899,0.8375317,5,2456728.767,"84.156%",5,30270.15649,96790.15649,4694532076,0.7700036,4,"Kayah State"
97143531976081,"Loikaw","1001",20,5.88,5.5,1.14,"War-yi-kall-hku",784,982,NA,0.0151,0.0157,982,"DRD","Kayah","10","Loikaw","100101","War-yi-kall-hku",10010110004,"","",784,"Kong-thar","10010110","625","3807",97.1435359,19.7608159,266,97.16894977,"grid",166920,972.4115408,26544,31919163.25,"51.73386%",3,6554499,0.8410734,5,2466752.877,"84.499%",5,19448.23082,186368.2308,4719288238,0.7740641,4,"Kayah State"
97322821889522,"bawlakhae","1002",20,5.88,5.5,1.14,"papu",173,217,NA,0.0151,0.0157,217,"DRD","Kayah","10","pharsaung","100202","papu",10020204003,"17","17",173,"pharsaung(collection)","10020204","199","1806",97.3228242,18.8952208,62,22.64840183,"grid",39520,1041.635991,26784,32259746.65,"52.28587%",3,6587480,0.8453055,5,2478875.251,"84.914%",5,20832.71982,60352.71982,4746722571,0.7785639,4,"Kayah State"
97190861934151,"Loikaw","1001",20,5.88,5.5,1.14,"Nkorahku",153,192,NA,0.0151,0.0157,192,"DRD","Kayah","10","Hpruso","100103","Nkorahku",10010301004,"32","29",153,"Maprawse","10010301","358","1908",97.190866,19.3415103,55,20.0913242,"grid",35320,1216.162948,26911,32448856.55,"52.59238%",3,6602573,0.8472422,5,2484391.233,"85.103%",5,24323.25897,59643.25897,4759922407,0.780729,4,"Kayah State"
97186491934633,"Loikaw","1001",20,5.88,5.5,1.14,"Bawtahtaw",164,205,NA,0.0151,0.0157,205,"DRD","Kayah","10","Hpruso","100103","Bawtahtaw",10010301003,"37","32",164,"Maprawse","10010301","358","1908",97.1864918,19.346337,58,21.18721461,"grid",37120,706.1663451,26912,32449562.72,"52.59352%",3,6602631,0.8472497,5,2484411.324,"85.104%",5,14123.3269,51243.3269,4759973650,0.7807374,4,"Kayah State"
97177661961207,"Loikaw","1001",20,5.88,5.5,1.14,"myoung-gwa",310,388,NA,0.0151,0.0157,388,"DRD","Kayah","10","Demoso","100102","myoung-gwa",10010212003,"67","61",310,"Ngwedaung","10010212","528","2714",97.1776669,19.6120749,107,39.08675799,"grid",66520,1823.142117,26932,32485778.46,"52.65222%",3,6605139,0.8475715,5,2485309.589,"85.135%",5,36462.84234,102982.8423,4762258521,0.7811121,4,"Kayah State"
97167031969234,"Loikaw","1001",20,5.88,5.5,1.14,"Daw-hsawli",183,229,NA,0.0151,0.0157,229,"DRD","Kayah","10","Loikaw","100101","Daw-hsawli",10010107003,"","",183,"Daw-paw-gle","10010107","465","2631",97.1670346,19.6923412,65,23.74429224,"grid",41320,1121.587743,27084,32739789.12,"53.06391%",3,6624108,0.8500056,5,2492254.247,"85.372%",5,22431.75485,63751.75485,4779149266,0.7838826,4,"Kayah State"
97072981940129,"Loikaw","1001",20,5.88,5.5,1.14,"Dawhkrawhku",379,475,NA,0.0151,0.0157,475,"DRD","Kayah","10","Hpruso","100103","Dawhkrawhku",10010305003,"83","73",379,"Mohso","10010305","297","1591",97.0729809,19.4012932,131,47.85388128,"grid",83420,2345.236945,27490,33404675.35,"54.14154%",3,6677276,0.8568281,5,2511652.237,"86.037%",5,46904.7389,130324.7389,4825570569,0.7914967,4,"Kayah State"
97138821976461,"Loikaw","1001",20,5.88,5.5,1.14,"Taung-mault",170,213,NA,0.0151,0.0157,213,"DRD","Kayah","10","Loikaw","100101","Taung-mault",10010110007,"","",170,"Kong-thar","10010110","625","3807",97.1388214,19.7646105,61,22.28310502,"grid",38920,649.1772222,27728,33828106.65,"54.82783%",3,6709365,0.8609458,5,2523399.817,"86.439%",5,12983.54444,51903.54444,4854036546,0.7961657,4,"Kayah State"
97156001976340,"Loikaw","1001",20,5.88,5.5,1.14,"Kong-hsa",1321,1655,NA,0.0151,0.0157,1655,"DRD","Kayah","10","Loikaw","100101","Kong-hsa",10010110001,"","",1321,"Kong-thar","10010110","625","3807",97.1560091,19.7634047,445,162.5570776,"grid",276820,922.542098,27901,34149119.66,"55.34812%",3,6737503,0.8645564,5,2533538.265,"86.787%",5,18450.84196,295270.842,4878008808,0.8000977,5,"Kayah State"
96913601952292,"Loikaw","1001",20,5.88,5.5,1.14,"Yanku(ywathit)",211,264,NA,0.0151,0.0157,264,"DRD","Kayah","10","Demoso","100102","Yanku(ywathit)",10010210004,"45","40",211,"Lobahku","10010210","225","1179",96.9136065,19.5229222,74,27.03196347,"grid",46720,1351.388817,28478,35063754.08,"56.83054%",3,6808872,0.8737145,5,2559744.658,"87.684%",5,27027.77634,73747.77634,4940678766,0.8103769,5,"Kayah State"
96910651951577,"Loikaw","1001",20,5.88,5.5,1.14,"Yanku",198,248,NA,0.0151,0.0157,248,"DRD","Kayah","10","Demoso","100102","Yanku",10010210003,"43","38",198,"Lobahku","10010210","225","1179",96.9106579,19.5157765,70,25.57077626,"grid",44320,852.5455968,28584,35271541.34,"57.16732%",3,6827188,0.8760648,5,2566436.895,"87.914%",5,17050.91194,61370.91194,4956240108,0.8129293,5,"Kayah State"
97332381911487,"Baw-la-keal","1002",20,5.88,5.5,1.14,"Ye-ni-pauk",375,470,NA,0.0151,0.0157,470,"DRD","Kayah","10","Baw-la-keal","100201","Ye-ni-pauk",10020101002,"58","58",375,"Baw-la-keal","10020101","130","951",97.3323869,19.114877,129,47.12328767,"grid",82220,1905.366717,28775,35593635.79,"57.68936%",3,6848540,0.8788047,5,2574215.16,"88.180%",5,38107.33434,120327.3343,4975963115,0.8161643,5,"Kayah State"
96932191948711,"Loikaw","1001",20,5.88,5.5,1.14,"Hkupra(upper)",131,164,NA,0.0151,0.0157,164,"DRD","Kayah","10","Demoso","100102","Hkupra(upper)",10010209001,"29","15",131,"Hkupra","10010209","88","466",96.9321922,19.4871121,47,17.16894977,"grid",30520,3905.616013,28951,35894684.15,"58.17729%",3,6869084,0.8814409,5,2581749.772,"88.438%",5,78112.32027,108632.3203,4994874455,0.8192661,5,"Kayah State"
96933001948327,"Loikaw","1001",20,5.88,5.5,1.14,"hkupra(lower)",122,153,NA,0.0151,0.0157,153,"DRD","Kayah","10","Demoso","100102","hkupra(lower)",10010209002,"26","23",122,"hkupra","10010209","88","466",96.9330055,19.4832753,44,16.07305936,"grid",28720,435.068428,28952,35895119.22,"58.17800%",3,6869128,0.8814466,5,2581766.941,"88.439%",5,8701.368561,37421.36856,4994911877,0.8192723,5,"Kayah State"
96937271947784,"Loikaw","1001",20,5.88,5.5,1.14,"thadehku",102,128,NA,0.0151,0.0157,128,"DRD","Kayah","10","Demoso","100102","thadehku",10010209004,"13","19",102,"hkupra","10010209","88","466",96.9372795,19.477846,38,13.88127854,"grid",25120,751.8041089,28953,35895871.02,"58.17922%",3,6869166,0.8814514,5,2581783.014,"88.439%",5,15036.08218,40156.08218,4994952033,0.8192788,5,"Kayah State"
96940741948246,"Loikaw","1001",20,5.88,5.5,1.14,"danto",111,139,NA,0.0151,0.0157,139,"DRD","Kayah","10","Demoso","100102","danto",10010209003,"24","22",111,"hkupra","10010209","88","466",96.940745,19.4824666,41,14.97716895,"grid",26920,629.2507844,28954,35896500.27,"58.18024%",3,6869207,0.8814567,5,2581796.895,"88.440%",5,12585.01569,39505.01569,4994991538,0.8192853,5,"Kayah State"
96957731947774,"Loikaw","1001",20,5.88,5.5,1.14,"hanli",178,223,NA,0.0151,0.0157,223,"DRD","Kayah","10","Demoso","100102","hanli",10010208006,"39","34",178,"Dawrahku","10010208","258","1339",96.9577376,19.4777479,63,23.01369863,"grid",40120,1857.002359,28955,35898357.28,"58.18325%",3,6869270,0.8814648,5,2581811.872,"88.440%",5,37140.04718,77260.04718,4995068798,0.819298,5,"Kayah State"
96962001946950,"Loikaw","1001",20,5.88,5.5,1.14,"hpur-daw",160,200,NA,0.0151,0.0157,200,"DRD","Kayah","10","Demoso","100102","hpur-daw",10010208005,"36","31",160,"Dawrahku","10010208","258","1339",96.9620077,19.4695074,57,20.82191781,"grid",36520,1019.806029,28956,35899377.08,"58.18490%",3,6869327,0.8814721,5,2581834.886,"88.441%",5,20396.12058,56916.12058,4995125714,0.8193073,5,"Kayah State"
96982831947737,"Loikaw","1001",20,5.88,5.5,1.14,"Dawrahku(south)",311,390,NA,0.0151,0.0157,390,"DRD","Kayah","10","Demoso","100102","Dawrahku(south)",10010208002,"69","60",311,"Dawrahku","10010208","258","1339",96.9828336,19.4773733,108,39.45205479,"grid",67120,2351.951272,28957,35901729.03,"58.18871%",3,6869435,0.881486,5,2581855.708,"88.442%",5,47039.02545,114159.0254,4995239873,0.8193261,5,"Kayah State"
96984851948022,"Loikaw","1001",20,5.88,5.5,1.14,"Dawrahku(north)",340,426,NA,0.0151,0.0157,426,"DRD","Kayah","10","Demoso","100102","Dawrahku(north)",10010208001,"73","66",340,"Dawrahku","10010208","258","1339",96.9848563,19.48022,117,42.73972603,"grid",75020,380.9967663,28958,35902110.03,"58.18933%",3,6869552,0.881501,5,2581895.16,"88.443%",5,7619.935327,82639.93533,4995322513,0.8193396,5,"Kayah State"
96963951946021,"Loikaw","1001",20,5.88,5.5,1.14,"kuBato",162,203,NA,0.0151,0.0157,203,"DRD","Kayah","10","Demoso","100102","kuBato",10010208004,"35","33",162,"Dawrahku","10010208","258","1339",96.9639554,19.4602181,58,21.18721461,"grid",37120,1052.9148,28959,35903162.95,"58.19104%",3,6869610,0.8815084,5,2581937.9,"88.445%",5,21058.296,58178.296,4995380691,0.8193492,5,"Kayah State"
96965671945587,"Loikaw","1001",20,5.88,5.5,1.14,"Bato",188,236,NA,0.0151,0.0157,236,"DRD","Kayah","10","Demoso","100102","Bato",10010208003,"42","36",188,"Dawrahku","10010208","258","1339",96.9656784,19.4558732,66,24.10958904,"grid",41920,515.7997215,28960,35903678.75,"58.19187%",3,6869676,0.8815169,5,2581959.087,"88.445%",5,10315.99443,52235.99443,4995432927,0.8193577,5,"Kayah State"
97232671987752,"Loikaw","1001",20,5.88,5.5,1.14,"Kying-tong",223,279,NA,0.0151,0.0157,279,"DRD","Kayah","10","Loikaw","100101","Kying-tong",10010112002,"","",223,"Htee-sai-hsa","10010112","582","2501",97.232679,19.8775251,78,28.49315068,"grid",49120,1638.920246,29131,36173565.52,"58.62930%",3,6888945,0.8839895,5,2588993.607,"88.686%",5,32778.40491,81898.40491,5012867489,0.8222174,5,"Kayah State"
97238671987633,"Loikaw","1001",20,5.88,5.5,1.14,"Kong-paung",36,45,NA,0.0151,0.0157,45,"DRD","Kayah","10","Loikaw","100101","Kong-paung",10010112005,"","",36,"Htee-sai-hsa","10010112","582","2501",97.2386776,19.8763318,15,5.479452055,"grid",11320,641.1579892,29132,36174206.68,"58.63034%",3,6888960,0.8839914,5,2589022.1,"88.687%",5,12823.15978,24143.15978,5012891632,0.8222213,5,"Kayah State"
97241931988070,"Loikaw","1001",20,5.88,5.5,1.14,"Nan-hu",205,257,NA,0.0151,0.0157,257,"DRD","Kayah","10","Loikaw","100101","Nan-hu",10010112003,"","",205,"Htee-sai-hsa","10010112","582","2501",97.2419389,19.8807014,72,26.30136986,"grid",45520,593.6168584,29133,36174800.29,"58.63130%",3,6889032,0.8840006,5,2589027.58,"88.687%",5,11872.33717,57392.33717,5012949025,0.8222307,5,"Kayah State"
97353101901492,"Baw-la-keal","1002",20,5.88,5.5,1.14,"Chi-koi",505,633,NA,0.0151,0.0157,633,"DRD","Kayah","10","Baw-la-keal","100201","Chi-koi",10020102002,"67","67",505,"Kyi-kual","10020102","120","987",97.3531007,19.0149269,173,63.19634703,"grid",108620,3631.521113,29364,36590749.15,"59.30546%",3,6918020,0.8877204,5,2599579.909,"89.049%",5,72630.42227,181250.4223,5039338244,0.8265591,5,"Kayah State"
97250241988237,"Loikaw","1001",20,5.88,5.5,1.14,"Lin-hpong-gyi",305,382,NA,0.0151,0.0157,382,"DRD","Kayah","10","Loikaw","100101","Lin-hpong-gyi",10010112012,"","",305,"Htee-sai-hsa","10010112","582","2501",97.2502485,19.8823795,105,38.35616438,"grid",65320,888.7247696,29470,36785279.7,"59.62075%",3,6930477,0.8893189,5,2604155.251,"89.206%",5,17774.49539,83094.49539,5051101291,0.8284885,5,"Kayah State"
97250911988814,"Loikaw","1001",20,5.88,5.5,1.14,"Wan-kong",384,481,NA,0.0151,0.0157,481,"DRD","Kayah","10","Loikaw","100101","Wan-kong",10010111011,"","",384,"Loi-lem-lay","10010111","899","4125",97.2509197,19.8881441,132,48.21917808,"grid",84020,644.8261492,29471,36785924.53,"59.62180%",3,6930609,0.8893358,5,2604193.607,"89.207%",5,12896.52298,96916.52298,5051198207,0.8285044,5,"Kayah State"
97196741937454,"Loikaw","1001",20,5.88,5.5,1.14,"Dawtawhku",162,203,NA,0.0151,0.0157,203,"DRD","Kayah","10","Hpruso","100103","Dawtawhku",10010301001,"40","32",162,"Maprawse","10010301","358","1908",97.1967485,19.3745429,58,21.18721461,"grid",37120,1231.483328,29806,37246456.3,"60.36822%",4,6974534,0.8949723,5,2620266.301,"89.758%",5,24629.66657,61749.66657,5088045615,0.8345482,5,"Kayah State"
97110251954629,"Loikaw","1001",20,5.88,5.5,1.14,"law-si",102,128,NA,0.0151,0.0157,128,"DRD","Kayah","10","Demoso","100102","law-si",10010206006,"22","19",102,"Naungpale","10010206","237","1223",97.1102518,19.5462906,38,13.88127854,"grid",25120,810.9057129,29841,37291608.53,"60.44140%",4,6977660,0.8953734,5,2621415.525,"89.797%",5,16218.11426,41338.11426,5090900538,0.8350165,5,"Kayah State"
97210081940275,"Loikaw","1001",20,5.88,5.5,1.14,"Lawbyaku",61,76,NA,0.0151,0.0157,76,"DRD","Kayah","10","Hpruso","100103","Lawbyaku",10010302003,"14","14",61,"Kyelya","10010302","366","2076",97.2100836,19.4027529,24,8.767123288,"grid",16720,2093.473088,30111,37845705.17,"61.33947%",4,7022541,0.9011325,5,2637815.525,"90.359%",5,41869.46177,58589.46177,5130183865,0.8414598,5,"Kayah State"
97230141941535,"Loikaw","1001",20,5.88,5.5,1.14,"Dawtakie",812,1017,NA,0.0151,0.0157,1017,"DRD","Kayah","10","Hpruso","100103","Dawtakie",10010302002,"176","121",812,"Kyelya","10010302","366","2076",97.2301416,19.4153569,275,100.456621,"grid",172320,2527.715801,30112,37848232.89,"61.34356%",4,7022816,0.9011678,5,2637824.292,"90.359%",5,50554.31601,222874.316,5130406739,0.8414963,5,"Kayah State"
97154311948569,"Loikaw","1001",20,5.88,5.5,1.14,"Kadala",176,221,NA,0.0151,0.0157,221,"DRD","Kayah","10","Hpruso","100103","Kadala",10010304003,"39","31",176,"Htipawso","10010304","343","2087",97.1543144,19.4856952,63,23.01369863,"grid",40120,1391.692911,30232,38047522.26,"61.66657%",4,7037449,0.9030455,5,2643247.123,"90.545%",5,27833.85822,67953.85822,5143507592,0.8436451,5,"Kayah State"
97233871989788,"Loikaw","1001",20,5.88,5.5,1.14,"tee-sai-hka",270,338,NA,0.0151,0.0157,338,"DRD","Kayah","10","Loikaw","100101","tee-sai-hka",10010112001,"","",270,"Htee-sai-hsa","10010112","582","2501",97.2338704,19.8978858,94,34.33789954,"grid",58720,2085.981317,30249,38074222.39,"61.70984%",4,7038870,0.9032279,5,2643754.886,"90.562%",5,41719.62634,100439.6263,5144925739,0.8438777,5,"Kayah State"
97356141910739,"Baw-la-keal","1002",20,5.88,5.5,1.14,"Wan-cha",419,525,NA,0.0151,0.0157,525,"DRD","Kayah","10","Baw-la-keal","100201","Wan-cha",10020101003,"50","50",419,"Baw-la-keal","10020101","130","951",97.3561472,19.1073985,144,52.60273973,"grid",91220,2631.272929,30702,38966232.84,"63.15559%",4,7088813,0.9096365,5,2661980.639,"91.186%",5,52625.45859,143845.4586,5193946449,0.8519182,5,"Kayah State"
97251841986918,"Loikaw","1001",20,5.88,5.5,1.14,"Wan-pan",50,63,NA,0.0151,0.0157,63,"DRD","Kayah","10","Loikaw","100101","Wan-pan",10010112004,"","",50,"Htee-sai-hsa","10010112","582","2501",97.2518472,19.8691826,21,7.671232877,"grid",14920,1476.922902,31354,40324987.34,"65.35783%",4,7166151,0.9195606,5,2690276.895,"92.156%",5,29538.45804,44458.45804,5269566672,0.8643215,5,"Kayah State"
97262091986114,"Loikaw","1001",20,5.88,5.5,1.14,"Khait-pala",135,169,NA,0.0151,0.0157,169,"DRD","Kayah","10","Loikaw","100101","Khait-pala",10010112016,"","",135,"Htee-sai-hsa","10010112","582","2501",97.2620918,19.8611464,48,17.53424658,"grid",31120,1395.104728,31355,40326382.44,"65.36009%",4,7166199,0.9195667,5,2690284.566,"92.156%",5,27902.09456,59022.09456,5269625694,0.8643312,5,"Kayah State"
97269121985736,"Loikaw","1001",20,5.88,5.5,1.14,"Daw-hsaw-we`",122,153,NA,0.0151,0.0157,153,"DRD","Kayah","10","Loikaw","100101","Daw-hsaw-we`",10010112006,"","",122,"Htee-sai-hsa","10010112","582","2501",97.2691284,19.8573637,44,16.07305936,"grid",28720,847.6283997,31356,40327230.07,"65.36147%",4,7166243,0.9195724,5,2690302.1,"92.157%",5,16952.56799,45672.56799,5269671367,0.8643387,5,"Kayah State"
97275281986739,"Loikaw","1001",20,5.88,5.5,1.14,"kunna-glo-hku",321,402,NA,0.0151,0.0157,402,"DRD","Kayah","10","Loikaw","100101","kunna-glo-hku",10010112007,"","",321,"Htee-sai-hsa","10010112","582","2501",97.2752858,19.8673952,111,40.54794521,"grid",68920,1287.982459,31357,40328518.05,"65.36355%",4,7166354,0.9195866,5,2690318.174,"92.157%",5,25759.64917,94679.64917,5269766046,0.8643542,5,"Kayah State"
97278461986898,"Loikaw","1001",20,5.88,5.5,1.14,"kunna-yoar-ma",322,403,NA,0.0151,0.0157,403,"DRD","Kayah","10","Loikaw","100101","kunna-yoar-ma",10010112008,"","",322,"Htee-sai-hsa","10010112","582","2501",97.2784639,19.8689844,111,40.54794521,"grid",68920,376.412391,31399,40413899.85,"65.50194%",4,7170277,0.92009,5,2691751.233,"92.206%",5,7528.24782,76448.24782,5273919323,0.8650354,5,"Kayah State"
97120711880394,"bawlakhae","1002",20,5.88,5.5,1.14,"lolawli",418,524,NA,0.0151,0.0157,524,"DRD","Kayah","10","pharsaung","100202","lolawli",10020205007,"40","40",418,"mawchi(collection)","10020205","211","2787",97.1207166,18.803949,144,52.60273973,"grid",91220,3689.34409,31507,40742315.23,"66.03423%",4,7186693,0.9221965,5,2697735.89,"92.411%",5,73786.8818,165006.8818,5290942452,0.8678276,5,"Kayah State"
97105191881316,"bawlakhae","1002",20,5.88,5.5,1.14,"kodolako",221,277,NA,0.0151,0.0157,277,"DRD","Kayah","10","pharsaung","100202","kodolako",10020205006,"22","22",221,"mawchi(collection)","10020205","211","2787",97.1051947,18.8131651,78,28.49315068,"grid",49120,1928.592899,31508,40744243.82,"66.03735%",4,7186771,0.9222065,5,2697788.493,"92.413%",5,38571.85798,87691.85798,5291030144,0.867842,5,"Kayah State"
97125171938144,"Loikaw","1001",20,5.88,5.5,1.14,"Lodawtanaw",261,327,NA,0.0151,0.0157,327,"DRD","Kayah","10","Hpruso","100103","Lodawtanaw",10010306001,"58","51",261,"Dawpre","10010306","229","1203",97.1251775,19.3814411,91,33.24200913,"grid",56920,2533.079166,32013,41590225.82,"67.40850%",4,7234266,0.9283011,5,2715133.516,"93.007%",5,50661.58332,107581.5833,5337733905,0.8755024,5,"Kayah State"
97125951936449,"Loikaw","1001",20,5.88,5.5,1.14,"Dawpre",163,204,NA,0.0151,0.0157,204,"DRD","Kayah","10","Hpruso","100103","Dawpre",10010306002,"36","31",163,"Dawpre","10010306","229","1203",97.1259522,19.3644941,58,21.18721461,"grid",37120,1886.174844,32014,41592111.99,"67.41156%",4,7234324,0.9283085,5,2715166.758,"93.008%",5,37723.49688,74843.49688,5337808748,0.8755147,5,"Kayah State"
97140861935258,"Loikaw","1001",20,5.88,5.5,1.14,"Htiduku",366,459,NA,0.0151,0.0157,459,"DRD","Kayah","10","Hpruso","100103","Htiduku",10010305004,"81","71",366,"Mohso","10010305","297","1591",97.1408655,19.3525828,126,46.02739726,"grid",80420,2049.878001,32015,41594161.87,"67.41488%",4,7234450,0.9283247,5,2715187.945,"93.009%",5,40997.56003,121417.56,5337930166,0.8755346,5,"Kayah State"
97287501986479,"Loikaw","1001",20,5.88,5.5,1.14,"Wan-khaing",145,182,NA,0.0151,0.0157,182,"DRD","Kayah","10","Loikaw","100101","Wan-khaing",10010112009,"","",145,"Htee-sai-hsa","10010112","582","2501",97.2875006,19.8647975,52,18.99543379,"grid",33520,1053.488086,32990,43236334.8,"70.07648%",4,7323897,0.9398025,5,2747889.68,"94.129%",5,21069.76173,54589.76173,5427104728,0.8901611,5,"Kayah State"
97209271925024,"Loikaw","1001",20,5.88,5.5,1.14,"Pretaw",146,183,NA,0.0151,0.0157,183,"DRD","Kayah","10","Hpruso","100103","Pretaw",10010301009,"29","24",146,"Maprawse","10010301","358","1908",97.2092707,19.2502421,52,18.99543379,"grid",33520,2444.53673,33214,43685596.25,"70.80463%",4,7344928,0.9425012,5,2755572.237,"94.392%",5,48890.7346,82410.7346,5449349521,0.8938097,5,"Kayah State"
97206281926681,"Loikaw","1001",20,5.88,5.5,1.14,"Htale",483,605,NA,0.0151,0.0157,605,"DRD","Kayah","10","Hpruso","100103","Htale",10010301008,"97","86",483,"Maprawse","10010301","358","1908",97.2062889,19.2668197,165,60.2739726,"grid",103820,1869.733968,33215,43687465.98,"70.80766%",4,7345093,0.9425224,5,2755591.233,"94.393%",5,37394.67936,141214.6794,5449490736,0.8938329,5,"Kayah State"
97290181987017,"Loikaw","1001",20,5.88,5.5,1.14,"Daw-ta-ho",200,251,NA,0.0151,0.0157,251,"DRD","Kayah","10","Loikaw","100101","Daw-ta-ho",10010112010,"","",200,"Htee-sai-hsa","10010112","582","2501",97.2901832,19.8701764,71,25.93607306,"grid",44920,660.6314651,33362,43956001.67,"71.24290%",4,7356545,0.9439919,5,2759808.95,"94.538%",5,13212.6293,58132.6293,5462002812,0.8958852,5,"Kayah State"
97190911976346,"Loikaw","1001",20,5.88,5.5,1.14,"Hti-ye",170,213,NA,0.0151,0.0157,213,"DRD","Kayah","10","Loikaw","100101","Hti-ye",10010109002,"","",170,"Noar-la-wo","10010109","1139","4474",97.1909105,19.7634615,61,22.28310502,"grid",38920,1912.398139,33474,44225124.85,"71.67909%",4,7369684,0.9456779,5,2764612.237,"94.702%",5,38247.96279,77167.96279,5475646816,0.8981231,5,"Kayah State"
97264981914347,"Baw-la-keal","1002",20,5.88,5.5,1.14,"Ta-lai-long",263,330,NA,0.0151,0.0157,330,"DRD","Kayah","10","Baw-la-keal","100201","Ta-lai-long",10020105002,"35","35",263,"Nan-phe`","10020105","132","1114",97.2649896,19.1434708,92,33.60730594,"grid",57520,2804.068455,33556,44376522.39,"71.92447%",4,7375745,0.9464557,5,2766814.977,"94.778%",5,56081.3691,113601.3691,5482440633,0.8992374,5,"Kayah State"
97207051989212,"Loikaw","1001",20,5.88,5.5,1.14,"Pain-chit(east)",557,698,NA,0.0151,0.0157,698,"DRD","Kayah","10","Loikaw","100101","Pain-chit(east)",10010111010,"","",557,"Loi-lem-lay","10010111","899","4125",97.2070552,19.8921248,190,69.40639269,"grid",118820,2073.910977,33582,44438419.92,"72.02479%",4,7378163,0.9467659,5,2767662.466,"94.807%",5,41478.21954,160298.2195,5485184386,0.8996874,5,"Kayah State"
97225121912927,"Baw-la-keal","1002",20,5.88,5.5,1.14,"Dawse`-hku",397,497,NA,0.0151,0.0157,497,"DRD","Kayah","10","Baw-la-keal","100201","Dawse`-hku",10020105003,"40","40",397,"Nan-phe`","10020105","132","1114",97.2251246,19.1292771,136,49.6803653,"grid",86420,4475.371233,33776,44798281.97,"72.60805%",4,7392382,0.9485905,5,2772876.347,"94.985%",5,89507.42467,175927.4247,5501283267,0.902328,5,"Kayah State"
97135631934202,"Loikaw","1001",20,5.88,5.5,1.14,"Wasudaw",61,76,NA,0.0151,0.0157,76,"DRD","Kayah","10","Hpruso","100103","Wasudaw",10010306004,"12","10",61,"Dawpre","10010306","229","1203",97.1356362,19.3420273,24,8.767123288,"grid",16720,1295.615403,33904,45068524.66,"73.04605%",4,7404377,0.9501297,5,2777298.995,"95.137%",5,25912.30806,42632.30806,5514126108,0.9044345,5,"Kayah State"
97137691933100,"Loikaw","1001",20,5.88,5.5,1.14,"Pruso",73,91,NA,0.0151,0.0157,91,"DRD","Kayah","10","Hpruso","100103","Pruso",10010306005,"16","14",73,"Dawpre","10010306","229","1203",97.1376937,19.3310061,28,10.2283105,"grid",19120,1244.372181,33905,45069769.03,"73.04807%",4,7404405,0.9501333,5,2777307.763,"95.137%",5,24887.44362,44007.44362,5514170115,0.9044417,5,"Kayah State"
97148391933272,"Loikaw","1001",20,5.88,5.5,1.14,"Lyadu",197,247,NA,0.0151,0.0157,247,"DRD","Kayah","10","Hpruso","100103","Lyadu",10010306006,"42","37",197,"Dawpre","10010306","229","1203",97.1483957,19.3327274,69,25.20547945,"grid",43720,1139.108862,33906,45070908.14,"73.04991%",4,7404474,0.9501422,5,2777317.991,"95.137%",5,22782.17723,66502.17723,5514236618,0.9044526,5,"Kayah State"
97246541931588,"Loikaw","1001",20,5.88,5.5,1.14,"Htisehku",311,390,NA,0.0151,0.0157,390,"DRD","Kayah","10","Hpruso","100103","Htisehku",10010302006,"69","57",311,"Kyelya","10010302","366","2076",97.2465403,19.3158803,108,39.45205479,"grid",67120,3001.921846,33912,45082029.36,"73.06794%",4,7404896,0.9501963,5,2777457.9,"95.142%",5,60038.43692,127158.4369,5514724959,0.9045327,5,"Kayah State"
97294251987990,"Loikaw","1001",20,5.88,5.5,1.14,"hpya-phu",120,150,NA,0.0151,0.0157,150,"DRD","Kayah","10","Loikaw","100101","hpya-phu",10010112011,"","",120,"Htee-sai-hsa","10010112","582","2501",97.2942549,19.8799099,44,16.07305936,"grid",28720,1163.058231,34364,46001312.33,"74.55789%",4,7442409,0.95501,5,2791184.658,"95.612%",5,23261.16462,51981.16462,5556719128,0.9114207,5,"Kayah State"
97281441988507,"Loikaw","1001",20,5.88,5.5,1.14,"Mai-tung-hsong",45,56,NA,0.0151,0.0157,56,"DRD","Kayah","10","Loikaw","100101","Mai-tung-hsong",10010112014,"","",45,"Htee-sai-hsa","10010112","582","2501",97.2814431,19.8850743,18,6.575342466,"grid",13120,1457.581219,34365,46002769.91,"74.56025%",4,7442427,0.9550123,5,2791200.731,"95.613%",5,29151.62438,42271.62438,5556761399,0.9114276,5,"Kayah State"
97278261988328,"Loikaw","1001",20,5.88,5.5,1.14,"Nar-koi",160,200,NA,0.0151,0.0157,200,"DRD","Kayah","10","Loikaw","100101","Nar-koi",10010112013,"","",160,"Htee-sai-hsa","10010112","582","2501",97.278265,19.8832865,57,20.82191781,"grid",36520,387.2420723,34366,46003157.16,"74.56088%",4,7442484,0.9550196,5,2791207.306,"95.613%",5,7744.841446,44264.84145,5556805664,0.9114348,5,"Kayah State"
97349741887080,"bawlakhae","1002",20,5.88,5.5,1.14,"wan own(kayha)",1229,1540,NA,0.0151,0.0157,1540,"DRD","Kayah","10","pharsaung","100202","wan own(kayha)",10020202001,"96","96",1229,"wanown","10020202","161","1743",97.349745,18.8708062,415,151.5981735,"grid",258820,1912.719968,34388,46044336.1,"74.62762%",4,7444454,0.9552724,5,2791796.164,"95.633%",5,38254.39936,297074.3994,5558865227,0.9117727,5,"Kayah State"
97358131912530,"Baw-la-keal","1002",20,5.88,5.5,1.14,"Mong- Htang",157,197,NA,0.0151,0.0157,197,"DRD","Kayah","10","Baw-la-keal","100201","Mong- Htang",10020101001,"22","22",157,"Baw-la-keal","10020101","130","951",97.3581348,19.1253017,56,20.456621,"grid",35920,2001.670683,34674,46637062.4,"75.58830%",4,7466336,0.9580803,5,2799920.731,"95.912%",5,40033.41366,75953.41366,5584468569,0.9159722,5,"Kayah State"
97210071920076,"Loikaw","1001",20,5.88,5.5,1.14,"Prele",279,350,NA,0.0151,0.0157,350,"DRD","Kayah","10","Hpruso","100103","Prele",10010308004,"60","54",279,"Hsohku","10010308","445","2317",97.2100741,19.2007643,97,35.43378995,"grid",60520,3012.552631,34690,46678861.42,"75.65605%",4,7467706,0.9582561,5,2800406.21,"95.928%",5,60251.05261,120771.0526,5586185851,0.9162538,5,"Kayah State"
97187591918338,"Loikaw","1001",20,5.88,5.5,1.14,"Nahkwidu",176,221,NA,0.0151,0.0157,221,"DRD","Kayah","10","Hpruso","100103","Nahkwidu",10010308005,"35","30",176,"Hsohku","10010308","445","2317",97.1875956,19.1833833,63,23.01369863,"grid",40120,3050.836799,34713,46741680.72,"75.75786%",4,7469727,0.9585154,5,2801156.895,"95.954%",5,61016.73597,101136.736,5588675309,0.9166621,5,"Kayah State"
97193451916379,"Loikaw","1001",20,5.88,5.5,1.14,"Kalilya",191,239,NA,0.0151,0.0157,239,"DRD","Kayah","10","Hpruso","100103","Kalilya",10010308006,"42","38",191,"Hsohku","10010308","445","2317",97.193459,19.1637988,67,24.47488584,"grid",42520,2263.096741,34714,46743943.82,"75.76153%",4,7469794,0.958524,5,2801179.909,"95.955%",5,45261.93481,87781.93481,5588763090,0.9166765,5,"Kayah State"
97161691917081,"Loikaw","1001",20,5.88,5.5,1.14,"Tawhku",756,947,NA,0.0151,0.0157,947,"DRD","Kayah","10","Hpruso","100103","Tawhku",10010308007,"161","138",756,"Hsohku","10010308","445","2317",97.1616952,19.1708184,256,93.51598174,"grid",160920,3058.009511,34715,46747001.83,"75.76649%",4,7470050,0.9585569,5,2801204.384,"95.956%",5,61160.19023,222080.1902,5588985171,0.916713,5,"Kayah State"
96890771952914,"Taunggyi","1601",19,6.05,5.46,1,"Kar Hpu",235,259,NA,0.0066,0.0114,259,"DRD","Shan (S)","16","phekhon","160103","Kar Hpu",16010304017,"32","30",235,"Alai Ka Yan","16010304","674","4334",96.8907738,19.5291405,54,19.7260274,"grid",34720,2478.667252,34748,46818220.92,"75.88192%",4,7472743,0.9589024,5,2802261.918,"95.992%",5,47094.67778,81814.67778,5592091940,0.9172225,5,"Kayah State"
97050941964522,"Loikaw","1001",20,5.88,5.5,1.14,"Lo-ba-hku",331,415,NA,0.0151,0.0157,415,"DRD","Kayah","10","Demoso","100102","Lo-ba-hku",10010211003,"69","64",331,"Mya-le","10010211","203","1050",97.0509466,19.6452278,114,41.64383562,"grid",70720,6557.915128,34818,46960762.38,"76.11294%",4,7477562,0.9595208,5,2804000.365,"96.051%",5,131158.3026,201878.3026,5597950298,0.9181834,5,"Kayah State"
97041241962963,"Loikaw","1001",20,5.88,5.5,1.14,"LoiNanghpa",352,441,NA,0.0151,0.0157,441,"DRD","Kayah","10","Demoso","100102","LoiNanghpa",10010211002,"73","68",352,"Mya-le","10010211","203","1050",97.0412433,19.6296332,121,44.20091324,"grid",77420,2009.870235,34819,46962772.25,"76.11620%",4,7477683,0.9595363,5,2804042.009,"96.053%",5,40197.40471,117617.4047,5598067915,0.9182027,5,"Kayah State"
97181591878947,"bawlakhae","1002",20,5.88,5.5,1.14,"mosaki",378,474,NA,0.0151,0.0157,474,"DRD","Kayah","10","pharsaung","100202","mosaki",10020205008,"33","33",378,"mawchi(collection)","10020205","211","2787",97.1815914,18.7894781,130,47.48858447,"grid",82820,2523.498247,34987,47262502.48,"76.60200%",4,7488117,0.9608752,5,2807850.228,"96.183%",5,50469.96495,133289.9649,5610681699,0.9202717,5,"Kayah State"
97185991922852,"Loikaw","1001",20,5.88,5.5,1.14,"Prasawhku",208,261,NA,0.0151,0.0157,261,"DRD","Kayah","10","Hpruso","100103","Prasawhku",10010308002,"44","38",208,"Hsohku","10010308","445","2317",97.1859988,19.2285246,73,26.66666667,"grid",46120,3435.237459,34999,47291699.9,"76.64932%",4,7488942,0.9609811,5,2808172.42,"96.194%",5,68704.74918,114824.7492,5611804514,0.9204558,5,"Kayah State"
97180341921593,"Loikaw","1001",20,5.88,5.5,1.14,"Kalyalo",286,358,NA,0.0151,0.0157,358,"DRD","Kayah","10","Hpruso","100103","Kalyalo",10010308003,"61","51",286,"Hsohku","10010308","445","2317",97.1803485,19.2159342,99,36.16438356,"grid",61720,1520.502951,35000,47293220.4,"76.65179%",4,7489041,0.9609938,5,2808199.087,"96.195%",5,30410.05901,92130.05901,5611896644,0.9204709,5,"Kayah State"
97132731919424,"Loikaw","1001",20,5.88,5.5,1.14,"Kraw",177,222,NA,0.0151,0.0157,222,"DRD","Kayah","10","Hpruso","100103","Kraw",10010308008,"36","31",177,"Hsohku","10010308","445","2317",97.1327393,19.1942464,63,23.01369863,"grid",40120,4004.248993,35004,47300376.23,"76.66338%",4,7489334,0.9610314,5,2808319.269,"96.199%",5,80084.97985,120204.9799,5612224841,0.9205248,5,"Kayah State"
97100151920425,"Loikaw","1001",20,5.88,5.5,1.14,"Hasahku",114,143,NA,0.0151,0.0157,143,"DRD","Kayah","10","Hpruso","100103","Hasahku",10010307006,"25","22",114,"Tolahso","10010307","277","1454",97.100158,19.2042571,42,15.34246575,"grid",27520,3597.904212,35005,47303974.13,"76.66921%",4,7489376,0.9610368,5,2808342.283,"96.200%",5,71958.08425,99478.08425,5612324319,0.9205411,5,"Kayah State"
97103951923109,"Loikaw","1001",20,5.88,5.5,1.14,"Kopra",159,199,NA,0.0151,0.0157,199,"DRD","Kayah","10","Hpruso","100103","Kopra",10010308009,"30","24",159,"Hsohku","10010308","445","2317",97.1039588,19.2310994,57,20.82191781,"grid",36520,3011.29389,35006,47306985.43,"76.67410%",4,7489433,0.9610441,5,2808357.626,"96.201%",5,60225.87779,96745.87779,5612421065,0.920557,5,"Kayah State"
97078361924791,"Loikaw","1001",20,5.88,5.5,1.14,"Yarpahko",149,187,NA,0.0151,0.0157,187,"DRD","Kayah","10","Hpruso","100103","Yarpahko",10010307004,"31","27",149,"Tolahso","10010307","277","1454",97.0783668,19.2479154,54,19.7260274,"grid",34720,3273.392878,35007,47310258.82,"76.67940%",4,7489487,0.961051,5,2808378.447,"96.201%",5,65467.85757,100187.8576,5612521252,0.9205734,5,"Kayah State"
97070771923986,"Loikaw","1001",20,5.88,5.5,1.14,"Talehkre",181,227,NA,0.0151,0.0157,227,"DRD","Kayah","10","Hpruso","100103","Talehkre",10010307005,"39","36",181,"Tolahso","10010307","277","1454",97.070774,19.2398671,64,23.37899543,"grid",40720,1198.449969,35008,47311457.27,"76.68134%",4,7489551,0.9610592,5,2808398.174,"96.202%",5,23968.99937,64688.99937,5612585941,0.920584,5,"Kayah State"
97041481922030,"Loikaw","1001",20,5.88,5.5,1.14,"Plela",147,184,NA,0.0151,0.0157,184,"DRD","Kayah","10","Hpruso","100103","Plela",10010309004,"30","24",147,"Domusaw","10010309","303","1656",97.0414842,19.2203067,53,19.36073059,"grid",34120,3766.606228,35009,47315223.88,"76.68745%",4,7489604,0.961066,5,2808421.553,"96.203%",5,75332.12456,109452.1246,5612695394,0.920602,5,"Kayah State"
97031481919854,"Loikaw","1001",20,5.88,5.5,1.14,"Hkikaw",392,491,NA,0.0151,0.0157,491,"DRD","Kayah","10","Hpruso","100103","Hkikaw",10010309005,"86","75",392,"Domusaw","10010309","303","1656",97.0314812,19.1985459,135,49.31506849,"grid",85820,2637.833693,35010,47317861.71,"76.69172%",4,7489739,0.9610834,5,2808440.913,"96.203%",5,52756.67386,138576.6739,5612833970,0.9206247,5,"Kayah State"
96996901919161,"Loikaw","1001",20,5.88,5.5,1.14,"Htilobu",334,418,NA,0.0151,0.0157,418,"DRD","Kayah","10","Hpruso","100103","Htilobu",10010309006,"59","57",334,"Domusaw","10010309","303","1656",96.9969095,19.191614,115,42.00913242,"grid",71320,3711.405924,35011,47321573.12,"76.69774%",4,7489854,0.9610981,5,2808490.228,"96.205%",5,74228.11847,145548.1185,5612979518,0.9206486,5,"Kayah State"
97042451925797,"Loikaw","1001",20,5.88,5.5,1.14,"Hkrawhku",403,505,NA,0.0151,0.0157,505,"DRD","Kayah","10","Hpruso","100103","Hkrawhku",10010314005,"87","78",403,"Razpra","10010314","281","1443",97.0424588,19.2579723,138,50.4109589,"grid",87620,3590.088789,35012,47325163.21,"76.70356%",4,7489992,0.9611158,5,2808532.237,"96.207%",5,71801.77578,159421.7758,5613138940,0.9206747,5,"Kayah State"
97026651927611,"Loikaw","1001",20,5.88,5.5,1.14,"Zelya",307,385,NA,0.0151,0.0157,385,"DRD","Kayah","10","Hpruso","100103","Zelya",10010314003,"69","61",307,"Razpra","10010314","281","1443",97.0266552,19.2761127,106,38.72146119,"grid",65920,2611.62806,35013,47327774.83,"76.70779%",4,7490098,0.9611294,5,2808582.648,"96.208%",5,52232.56119,118152.5612,5613257093,0.9206941,5,"Kayah State"
97008751924952,"Loikaw","1001",20,5.88,5.5,1.14,"Kilopra",199,249,NA,0.0151,0.0157,249,"DRD","Kayah","10","Hpruso","100103","Kilopra",10010309003,"43","38",199,"Domusaw","10010309","303","1656",97.0087552,19.2495259,70,25.57077626,"grid",44320,3502.903418,35014,47331277.74,"76.71347%",4,7490168,0.9611384,5,2808621.37,"96.210%",5,70058.06835,114378.0684,5613371471,0.9207128,5,"Kayah State"
96972601924031,"Loikaw","1001",20,5.88,5.5,1.14,"Domusaw",193,242,NA,0.0151,0.0157,242,"DRD","Kayah","10","Hpruso","100103","Domusaw",10010309002,"41","36",193,"Domusaw","10010309","303","1656",96.9726041,19.2403127,68,24.84018265,"grid",43120,3931.029589,35015,47335208.77,"76.71984%",4,7490236,0.9611471,5,2808646.941,"96.211%",5,78620.59178,121740.5918,5613493211,0.9207328,5,"Kayah State"
96947851926268,"Loikaw","1001",20,5.88,5.5,1.14,"Hkabe",391,490,NA,0.0151,0.0157,490,"DRD","Kayah","10","Hpruso","100103","Hkabe",10010309001,"87","73",391,"Domusaw","10010309","303","1656",96.9478599,19.2626877,134,48.94977169,"grid",85220,3596.87231,35016,47338805.64,"76.72567%",4,7490370,0.9611643,5,2808671.781,"96.211%",5,71937.4462,157157.4462,5613650369,0.9207586,5,"Kayah State"
96887841926961,"Loikaw","1001",20,5.88,5.5,1.14,"Sohtakho",819,1026,NA,0.0151,0.0157,1026,"DRD","Kayah","10","Hpruso","100103","Sohtakho",10010312002,"173","153",819,"Rohtakho","10010312","352","1888",96.8878421,19.2696196,277,101.1872146,"grid",173520,6346.910363,35017,47345152.55,"76.73596%",4,7490647,0.9611999,5,2808720.731,"96.213%",5,126938.2073,300458.2073,5613950827,0.9208079,5,"Kayah State"
96875641926058,"Loikaw","1001",20,5.88,5.5,1.14,"Rohtakho",274,343,NA,0.0151,0.0157,343,"DRD","Kayah","10","Hpruso","100103","Rohtakho",10010312003,"59","53",274,"Rohtakho","10010312","352","1888",96.8756455,19.2605818,95,34.70319635,"grid",59320,1627.575653,35018,47346780.12,"76.73859%",4,7490742,0.9612121,5,2808821.918,"96.217%",5,32551.51305,91871.51305,5614042699,0.9208229,5,"Kayah State"
96867661923013,"Loikaw","1001",20,5.88,5.5,1.14,"Htadume",271,340,NA,0.0151,0.0157,340,"DRD","Kayah","10","Hpruso","100103","Htadume",10010312004,"57","51",271,"Rohtakho","10010312","352","1888",96.8676607,19.2301342,94,34.33789954,"grid",58720,3487.852787,35019,47350267.98,"76.74425%",4,7490836,0.9612241,5,2808856.621,"96.218%",5,69757.05574,128477.0557,5614171176,0.920844,5,"Kayah State"
96866951922004,"Loikaw","1001",20,5.88,5.5,1.14,"Kathadu",146,183,NA,0.0151,0.0157,183,"DRD","Kayah","10","Hpruso","100103","Kathadu",10010312005,"29","23",146,"Rohtakho","10010312","352","1888",96.8669587,19.2200435,52,18.99543379,"grid",33520,1124.454639,35020,47351392.43,"76.74607%",4,7490888,0.9612308,5,2808890.959,"96.219%",5,22489.09277,56009.09277,5614227185,0.9208532,5,"Kayah State"
96876521919810,"Loikaw","1001",20,5.88,5.5,1.14,"Sikihkaw",216,271,NA,0.0151,0.0157,271,"DRD","Kayah","10","Hpruso","100103","Sikihkaw",10010312006,"47","43",216,"Rohtakho","10010312","352","1888",96.876523,19.1981072,76,27.76255708,"grid",47920,2637.867204,35021,47354030.3,"76.75034%",4,7490964,0.9612406,5,2808909.954,"96.220%",5,52757.34408,100677.3441,5614327862,0.9208697,5,"Kayah State"
96895911918020,"Loikaw","1001",20,5.88,5.5,1.14,"Htawthuhkaw",67,84,NA,0.0151,0.0157,84,"DRD","Kayah","10","Hpruso","100103","Htawthuhkaw",10010311006,"15","13",67,"Gekaw","10010311","302","1635",96.8959147,19.1802071,26,9.497716895,"grid",17920,2847.606577,35022,47356877.91,"76.75496%",4,7490990,0.9612439,5,2808937.717,"96.221%",5,56952.13153,74872.13153,5614402734,0.920882,5,"Kayah State"
96932411918231,"Loikaw","1001",20,5.88,5.5,1.14,"Gekaw",788,987,NA,0.0151,0.0157,987,"DRD","Kayah","10","Hpruso","100103","Gekaw",10010311005,"163","149",788,"Gekaw","10010311","302","1635",96.9324167,19.182313,267,97.53424658,"grid",167520,3840.657559,35023,47360718.56,"76.76118%",4,7491257,0.9612782,5,2808947.215,"96.221%",5,76813.15118,244333.1512,5614647067,0.9209221,5,"Kayah State"
97319441989478,"Loikaw","1001",20,5.88,5.5,1.14,"Nan-hsawn-kwa",257,322,NA,0.0151,0.0157,322,"DRD","Kayah","10","Loikaw","100101","Nan-hsawn-kwa",10010113002,"","",257,"Tee-long","10010113","298","1482",97.3194418,19.8947826,90,32.87671233,"grid",56320,3109.824324,35364,48054134.29,"77.88506%",4,7514680,0.9642838,5,2817568.219,"96.516%",5,62196.48647,118516.4865,5643248759,0.9256134,5,"Kayah State"
97069251927896,"Loikaw","1001",20,5.88,5.5,1.14,"Tolahso",203,254,NA,0.0151,0.0157,254,"DRD","Kayah","10","Hpruso","100103","Tolahso",10010307008,"44","39",203,"Tolahso","10010307","277","1454",97.0692555,19.2789697,71,25.93607306,"grid",44920,3583.088056,35556,48593444.84,"78.75916%",4,7532892,0.9666208,5,2824227.945,"96.744%",5,71661.76112,116581.7611,5665814879,0.9293147,5,"Kayah State"
97092711927821,"Loikaw","1001",20,5.88,5.5,1.14,"Tikule",228,286,NA,0.0151,0.0157,286,"DRD","Kayah","10","Hpruso","100103","Tikule",10010307002,"49","43",228,"Tolahso","10010307","277","1454",97.0927171,19.2782104,80,29.22374429,"grid",50320,2463.971066,35557,48595908.81,"78.76315%",4,7532972,0.966631,5,2824253.881,"96.745%",5,49279.42133,99599.42133,5665914478,0.929331,5,"Kayah State"
97019981930875,"Loikaw","1001",20,5.88,5.5,1.14,"Razpra(lower)",192,241,NA,0.0151,0.0157,241,"DRD","Kayah","10","Hpruso","100103","Razpra(lower)",10010314004,"42","38",192,"Razpra","10010314","281","1443",97.0199866,19.308754,68,24.84018265,"grid",43120,3696.414241,35624,48728324.69,"78.97777%",4,7537844,0.9672562,5,2826037.991,"96.806%",5,73928.28482,117048.2848,5671619411,0.9302668,5,"Kayah State"
97013051932893,"Loikaw","1001",20,5.88,5.5,1.14,"Razpra(upper)",222,278,NA,0.0151,0.0157,278,"DRD","Kayah","10","Hpruso","100103","Razpra(upper)",10010314002,"47","41",222,"Razpra","10010314","281","1443",97.0130547,19.3289354,78,28.49315068,"grid",49120,2359.01704,35625,48730683.7,"78.98159%",4,7537922,0.9672662,5,2826062.831,"96.807%",5,47180.3408,96300.3408,5671715711,0.9302825,5,"Kayah State"
97013051935411,"Loikaw","1001",20,5.88,5.5,1.14,"Hkebe",319,400,NA,0.0151,0.0157,400,"DRD","Kayah","10","Hpruso","100103","Hkebe",10010314001,"71","63",319,"Razpra","10010314","281","1443",97.0130547,19.3541183,111,40.54794521,"grid",68920,2800.215114,35626,48733483.92,"78.98613%",4,7538033,0.9672805,5,2826091.324,"96.808%",5,56004.30227,124924.3023,5671840636,0.930303,5,"Kayah State"
97039001935505,"Loikaw","1001",20,5.88,5.5,1.14,"Mawthido",146,183,NA,0.0151,0.0157,183,"DRD","Kayah","10","Hpruso","100103","Mawthido",10010305006,"32","23",146,"Mohso","10010305","297","1591",97.039007,19.3550537,52,18.99543379,"grid",33520,2724.667264,35627,48736208.59,"78.99055%",4,7538085,0.9672871,5,2826131.872,"96.809%",5,54493.34528,88013.34528,5671928649,0.9303175,5,"Kayah State"
97042181936430,"Loikaw","1001",20,5.88,5.5,1.14,"Htipho",94,118,NA,0.0151,0.0157,118,"DRD","Kayah","10","Hpruso","100103","Htipho",10010305005,"21","18",94,"Mohso","10010305","297","1591",97.0421858,19.3643004,35,12.78538813,"grid",23320,1080.915977,35628,48737289.5,"78.99230%",4,7538120,0.9672916,5,2826150.868,"96.810%",5,21618.31955,44938.31955,5671973587,0.9303248,5,"Kayah State"
97058841934328,"Loikaw","1001",20,5.88,5.5,1.14,"Dawmarhku",61,76,NA,0.0151,0.0157,76,"DRD","Kayah","10","Hpruso","100103","Dawmarhku",10010305007,"13","11",61,"Mohso","10010305","297","1591",97.0588423,19.3432862,24,8.767123288,"grid",16720,2458.199308,35629,48739747.7,"78.99628%",4,7538144,0.9672947,5,2826163.653,"96.811%",5,49163.98616,65883.98616,5672039471,0.9303357,5,"Kayah State"
97073651931913,"Loikaw","1001",20,5.88,5.5,1.14,"Htohkwihso",424,531,NA,0.0151,0.0157,531,"DRD","Kayah","10","Hpruso","100103","Htohkwihso",10010307001,"93","81",424,"Tolahso","10010307","277","1454",97.0736593,19.3191353,146,53.33333333,"grid",92420,3103.024596,35630,48742850.73,"79.00131%",4,7538290,0.9673134,5,2826172.42,"96.811%",5,62060.49191,154480.4919,5672193952,0.930361,5,"Kayah State"
97224431880411,"bawlakhae","1002",20,5.88,5.5,1.14,"ywa thedo",339,425,NA,0.0151,0.0157,425,"DRD","Kayah","10","pharsaung","100202","ywa thedo",10020205005,"47","47",339,"maw chi(collection)","10020205","211","2787",97.2244382,18.8041107,117,42.73972603,"grid",75020,4794.767767,35717,49031947.6,"79.46988%",4,7548252,0.9685918,5,2829822.1,"96.936%",5,95895.35535,170915.3553,5684311131,0.9323485,5,"Kayah State"
96960051914844,"Loikaw","1001",20,5.88,5.5,1.14,"Sawpalihko",188,236,NA,0.0151,0.0157,236,"DRD","Kayah","10","Hpruso","100103","Sawpalihko",10010311004,"37","30",188,"Gekaw","10010311","302","1635",96.9600565,19.1484433,66,24.10958904,"grid",41920,4755.169806,35721,49046237.47,"79.49304%",4,7548610,0.9686377,5,2829971.507,"96.941%",5,95103.39612,137023.3961,5684821375,0.9324322,5,"Kayah State"
96966461914089,"Loikaw","1001",20,5.88,5.5,1.14,"Himu",431,540,NA,0.0151,0.0157,540,"DRD","Kayah","10","Hpruso","100103","Himu",10010311003,"84","79",431,"Gekaw","10010311","302","1635",96.9664619,19.1408972,148,54.06392694,"grid",93620,1075.549921,35722,49047313.02,"79.49478%",4,7548758,0.9686567,5,2829995.616,"96.942%",5,21510.99843,115130.9984,5684936506,0.932451,5,"Kayah State"
96961371913589,"Loikaw","1001",20,5.88,5.5,1.14,"Shawle",89,112,NA,0.0151,0.0157,112,"DRD","Kayah","10","Hpruso","100103","Shawle",10010311002,"19","17",89,"Gekaw","10010311","302","1635",96.9613727,19.1358957,33,12.05479452,"grid",22120,771.4333332,35723,49048084.45,"79.49603%",4,7548791,0.9686609,5,2830049.68,"96.944%",5,15428.66666,37548.66666,5684974055,0.9324572,5,"Kayah State"
97335471989560,"Loikaw","1001",20,5.88,5.5,1.14,"Daw-hku-li",260,326,NA,0.0151,0.0157,326,"DRD","Kayah","10","Loikaw","100101","Daw-hku-li",10010113006,"","",260,"Tee-long","10010113","298","1482",97.3354708,19.8956032,90,32.87671233,"grid",56320,1678.45202,35763,49118981.64,"79.61094%",4,7551083,0.968955,5,2830866.119,"96.972%",5,33569.04039,89889.04039,5687868909,0.932932,5,"Kayah State"
96978041935692,"Loikaw","1001",20,5.88,5.5,1.14,"Biya",604,757,NA,0.0151,0.0157,757,"DRD","Kayah","10","Hpruso","100103","Biya",NA,"132","103",604,"Hoya","10010313","377","2186",96.9780443,19.3569262,205,74.88584475,"grid",127820,3686.200995,35977,49648010.46,"80.46838%",5,7568838,0.9712333,5,2837309.954,"97.192%",5,73724.01991,201544.0199,5709734755,0.9365185,5,"Kayah State"
97102881894997,"bawlakhae","1002",20,5.88,5.5,1.14,"chilo(atet)",322,403,NA,0.0151,0.0157,403,"DRD","Kayah","10","pharsaung","100202","chilo(atet)",10020205003,"32","32",322,"bahanlaw","10020206","200","1950",97.1028898,18.9499723,111,40.54794521,"grid",68920,9432.492499,36148,49987660.25,"81.01887%",5,7579172,0.9725594,5,2841119.269,"97.323%",5,188649.85,257569.85,5723076008,0.9387067,5,"Kayah State"
97102881896490,"bawlakhae","1002",20,5.88,5.5,1.14,"chilo(out)",660,827,NA,0.0151,0.0157,827,"DRD","Kayah","10","pharsaung","100202","chilo(out)",10020205004,"64","64",660,"bahanlaw","10020206","200","1950",97.1028898,18.964901,224,81.82648402,"grid",139220,1659.998307,36149,49989320.25,"81.02156%",5,7579396,0.9725882,5,2841159.817,"97.324%",5,33199.96613,172419.9661,5723248428,0.938735,5,"Kayah State"
97267941984711,"Loikaw","1001",20,5.88,5.5,1.14,"Naung-lom",67,84,NA,0.0151,0.0157,84,"DRD","Kayah","10","Loikaw","100101","Naung-lom",10010111013,"","",67,"Loi-lem-lay","10010111","899","4125",97.2679456,19.8471155,26,9.497716895,"grid",17920,1146.244483,36171,50023179.25,"81.07644%",5,7580327,0.9727076,5,2841572.237,"97.338%",5,22924.88966,40844.88966,5724531197,0.9389454,5,"Kayah State"
97202481989311,"Loikaw","1001",20,5.88,5.5,1.14,"Pain-chit(west)",303,380,NA,0.0151,0.0157,380,"DRD","Kayah","10","Loikaw","100101","Pain-chit(west)",10010111009,"","",303,"Loi-lem-lay","10010111","899","4125",97.2024866,19.8931179,105,38.35616438,"grid",65320,490.2918343,36176,50029087.84,"81.08602%",5,7580878,0.9727783,5,2841744.658,"97.344%",5,9805.836687,75125.83669,5724991150,0.9390209,5,"Kayah State"
97175791988808,"Loikaw","1001",20,5.88,5.5,1.14,"Ai-san",200,251,NA,0.0151,0.0157,251,"DRD","Kayah","10","Loikaw","100101","Ai-san",10010111008,"","",200,"Loi-lem-lay","10010111","899","4125",97.175798,19.8880864,71,25.93607306,"grid",44920,2846.135148,36177,50031933.98,"81.09063%",5,7580949,0.9727874,5,2841783.014,"97.346%",5,56922.70295,101842.703,5725092993,0.9390376,5,"Kayah State"
97164251924154,"Loikaw","1001",20,5.88,5.5,1.14,"Hsohku",214,268,NA,0.0151,0.0157,268,"DRD","Kayah","10","Hpruso","100103","Hsohku",10010308001,"45","41",214,"Hsohku","10010308","445","2317",97.1642573,19.2415449,75,27.39726027,"grid",47320,2703.020219,36369,50440643.97,"81.75306%",5,7592894,0.9743202,5,2846145.023,"97.495%",5,54060.40437,101380.4044,5740870021,0.9416253,5,"Kayah State"
97376421968371,"Loikaw","1001",20,5.88,5.5,1.14,"Dawkle-tenga",175,219,NA,0.0151,0.0157,219,"DRD","Kayah","10","Loikaw","100101","Dawkle-tenga",10010106005,"","",175,"Pa-lao","","192","1025",97.3764281,19.6837151,62,22.64840183,"grid",39520,6886.425131,36614,51025021.59,"82.70020%",5,7609401,0.9764384,5,2852179.726,"97.702%",5,137728.5026,177248.5026,5763106447,0.9452726,5,"Kayah State"
97377431968077,"Loikaw","1001",20,5.88,5.5,1.14,"Daw-kayaw-hku",364,456,NA,0.0151,0.0157,456,"DRD","Kayah","10","Loikaw","100101","Daw-kayaw-hku",10010106002,"","",364,"Pa-lao","","192","1025",97.377436,19.680774,125,45.66210046,"grid",79820,343.6395673,36615,51025365.23,"82.70076%",5,7609526,0.9764544,5,2852202.374,"97.703%",5,6872.791346,86692.79135,5763193140,0.9452868,5,"Kayah State"
97380941967134,"Loikaw","1001",20,5.88,5.5,1.14,"Daw-ta-yoe",145,182,NA,0.0151,0.0157,182,"DRD","Kayah","10","Loikaw","100101","Daw-ta-yoe",10010106006,"","",145,"Pa-lao","","192","1025",97.3809444,19.6713405,52,18.99543379,"grid",33520,1111.419152,36616,51026476.65,"82.70256%",5,7609578,0.9764611,5,2852248.037,"97.704%",5,22228.38304,55748.38304,5763248888,0.9452959,5,"Kayah State"
97384881966905,"Loikaw","1001",20,5.88,5.5,1.14,"Pa-lao",227,284,NA,0.0151,0.0157,284,"DRD","Kayah","10","Loikaw","100101","Pa-lao",10010106001,"","",227,"Pa-lao","","192","1025",97.3848849,19.6690543,79,28.85844749,"grid",49720,484.6235311,36617,51026961.27,"82.70335%",5,7609657,0.9764712,5,2852267.032,"97.705%",5,9692.470622,59412.47062,5763308300,0.9453057,5,"Kayah State"
97378591966628,"Loikaw","1001",20,5.88,5.5,1.14,"Daw-hse",116,145,NA,0.0151,0.0157,145,"DRD","Kayah","10","Loikaw","100101","Daw-hse",10010106004,"","",116,"Pa-lao","","192","1025",97.3785962,19.6662822,43,15.70776256,"grid",28120,613.8510221,36618,51027575.12,"82.70434%",5,7609700,0.9764768,5,2852295.89,"97.706%",5,12277.02044,40397.02044,5763348697,0.9453123,5,"Kayah State"
97258601930178,"Loikaw","1001",20,5.88,5.5,1.14,"Dawhkuli",113,142,NA,0.0151,0.0157,142,"DRD","Kayah","10","Hpruso","100103","Dawhkuli",10010302007,"24","21",113,"Kyelya","10010302","366","2076",97.2586022,19.3017856,42,15.34246575,"grid",27520,2014.57407,36693,51195798.38,"82.97700%",5,7613768,0.9769988,5,2853782.283,"97.757%",5,40291.4814,67811.4814,5769335467,0.9462943,5,"Kayah State"
97152581932307,"Loikaw","1001",20,5.88,5.5,1.14,"Htelaso",62,78,NA,0.0151,0.0157,78,"DRD","Kayah","10","Hpruso","100103","Htelaso",10010306007,"12","11",62,"Dawpre","10010306","229","1203",97.1525867,19.3230732,24,8.767123288,"grid",16720,1160.079789,36793,51482299.93,"83.44135%",5,7621403,0.9779785,5,2856577.9,"97.852%",5,23201.59577,39921.59577,5780092480,0.9480587,5,"Kayah State"
97350631886223,"bawlakhae","1002",20,5.88,5.5,1.14,"wan own(shan)",391,490,NA,0.0151,0.0157,490,"DRD","Kayah","10","pharsaung","100202","wan own(shan)",10020202002,"50","50",391,"wanown","10020202","161","1743",97.3506342,18.8622368,134,48.94977169,"grid",85220,957.4577212,36801,51501202.64,"83.47199%",5,7621970,0.9780512,5,2856744.84,"97.858%",5,19149.15442,104369.1544,5780833617,0.9481802,5,"Kayah State"
97327431883103,"bawlakhae","1002",20,5.88,5.5,1.14,"kyauk me nyo",123,154,NA,0.0151,0.0157,154,"DRD","Kayah","10","pharsaung","100202","kyauk me nyo",10020202003,"15","15",123,"wanown","10020202","161","1743",97.3274323,18.8310314,45,16.43835616,"grid",29320,4242.831697,36802,51505445.47,"83.47886%",5,7622015,0.978057,5,2856793.79,"97.860%",5,84856.63393,114176.6339,5780947794,0.9481989,5,"Kayah State"
97320961882359,"bawlakhae","1002",20,5.88,5.5,1.14,"kemapyu",1330,1666,NA,0.0151,0.0157,1666,"DRD","Kayah","10","pharsaung","100202","kemapyu",10020204002,"121","121",1330,"pharsaung(collection)","10020204","199","1806",97.3209648,18.8235938,448,163.652968,"grid",278620,1071.116291,36803,51506516.59,"83.48060%",5,7622463,0.9781145,5,2856810.228,"97.860%",5,21422.32582,300042.3258,5781247836,0.9482482,5,"Kayah State"
96979001933437,"Loikaw","1001",20,5.88,5.5,1.14,"Htehku",134,168,NA,0.0151,0.0157,168,"DRD","Kayah","10","Hpruso","100103","Htehku",10010313003,"64","20",134,"Hoya","10010313","377","2186",96.9790095,19.3343756,48,17.53424658,"grid",31120,2509.560214,36853,51634005.62,"83.68723%",5,7626004,0.9785689,5,2858249.863,"97.910%",5,50191.20429,81311.20429,5786109356,0.9490456,5,"Kayah State"
96948911932674,"Loikaw","1001",20,5.88,5.5,1.14,"Hoya",597,748,NA,0.0151,0.0157,748,"DRD","Kayah","10","Hpruso","100103","Hoya",10010313002,"129","94",597,"Hoya","10010313","377","2186",96.9489129,19.3267418,203,74.15525114,"grid",126620,3270.022133,36854,51637275.64,"83.69253%",5,7626207,0.9785949,5,2858267.397,"97.910%",5,65400.44267,192020.4427,5786301376,0.949077,5,"Kayah State"
97007171913466,"Loikaw","1001",20,5.88,5.5,1.14,"Kehki",201,252,NA,0.0151,0.0157,252,"DRD","Kayah","10","Hpruso","100103","Kehki",10010310003,"43","37",201,"Tothipho","10010310","233","1345",97.0071757,19.1346673,71,25.93607306,"grid",44920,4332.708766,36962,51872125.64,"84.07317%",5,7632040,0.9793434,5,2860446.393,"97.985%",5,86654.17531,131574.1753,5794758013,0.9504641,5,"Kayah State"
97026211914010,"Loikaw","1001",20,5.88,5.5,1.14,"Pihki",211,264,NA,0.0151,0.0157,264,"DRD","Kayah","10","Hpruso","100103","Pihki",10010310002,"45","41",211,"Tothipho","10010310","233","1345",97.0262165,19.1401075,74,27.03196347,"grid",46720,2089.705972,36963,51874215.34,"84.07656%",5,7632114,0.9793529,5,2860472.329,"97.986%",5,41794.11944,88514.11944,5794846527,0.9504786,5,"Kayah State"
97037001912413,"Loikaw","1001",20,5.88,5.5,1.14,"Nahpachi",146,183,NA,0.0151,0.0157,183,"DRD","Kayah","10","Hpruso","100103","Nahpachi",10010310004,"29","22",146,"Tothipho","10010310","233","1345",97.0370092,19.1241379,52,18.99543379,"grid",33520,2106.840945,36964,51876322.18,"84.07997%",5,7632166,0.9793596,5,2860499.361,"97.987%",5,42136.81889,75656.81889,5794922183,0.950491,5,"Kayah State"
97027261911992,"Loikaw","1001",20,5.88,5.5,1.14,"Lomahko",69,86,NA,0.0151,0.0157,86,"DRD","Kayah","10","Hpruso","100103","Lomahko",10010310005,"15","13",69,"Tothipho","10010310","233","1345",97.0272694,19.1199261,26,9.497716895,"grid",17920,1125.342718,36965,51877447.53,"84.08180%",5,7632192,0.9793629,5,2860518.356,"97.987%",5,22506.85435,40426.85435,5794962610,0.9504977,5,"Kayah State"
97001131911283,"Loikaw","1001",20,5.88,5.5,1.14,"Htiwahka",72,90,NA,0.0151,0.0157,90,"DRD","Kayah","10","Hpruso","100103","Htiwahka",10010311001,"17","14",72,"Gekaw","10010311","302","1635",97.0011327,19.1128312,27,9.863013699,"grid",18520,2509.69517,36966,51879957.22,"84.08586%",5,7632219,0.9793664,5,2860527.854,"97.988%",5,50193.90341,68713.90341,5795031324,0.9505089,5,"Kayah State"
97008661910360,"Loikaw","1001",20,5.88,5.5,1.14,"Toma",176,221,NA,0.0151,0.0157,221,"DRD","Kayah","10","Hpruso","100103","Toma",10010310006,"37","31",176,"Tothipho","10010310","233","1345",97.0086674,19.1036055,63,23.01369863,"grid",40120,1295.800241,36967,51881253.02,"84.08797%",5,7632282,0.9793745,5,2860537.717,"97.988%",5,25916.00482,66036.00482,5795097360,0.9505198,5,"Kayah State"
97360801905954,"Baw-la-keal","1002",20,5.88,5.5,1.14,"Nan-nauak",261,327,NA,0.0151,0.0157,327,"DRD","Kayah","10","Baw-la-keal","100201","Nan-nauak",10020102001,"20","20",261,"Kyi-kual","10020102","120","987",97.3608066,19.0595498,91,33.24200913,"grid",56920,4545.560913,36986,51920453.76,"84.15150%",5,7633109,0.9794806,5,2860829.589,"97.998%",5,90911.21826,147831.2183,5796429768,0.9507383,5,"Kayah State"
97157401925474,"Loikaw","1001",20,5.88,5.5,1.14,"hkohpe",58,73,NA,0.0151,0.0157,73,"DRD","Kayah","10","Hpruso","100103","hkohpe",10010307003,"13","11",58,"Tolahso","10010307","277","1454",97.1574072,19.2547489,23,8.401826484,"grid",16120,1634.870522,37381,52985350.76,"85.87746%",5,7659905,0.9829191,5,2870642.922,"98.334%",5,32697.41045,48817.41045,5834694223,0.9570145,5,"Kayah State"
97170171928325,"Loikaw","1001",20,5.88,5.5,1.14,"Hpuhkyaku",206,258,NA,0.0151,0.0157,258,"DRD","Kayah","10","Hpruso","100103","Hpuhkyaku",10010306008,"45","41",206,"Dawpre","10010306","229","1203",97.1701738,19.2832589,72,26.30136986,"grid",45520,3441.765159,37382,52988792.53,"85.88304%",5,7659977,0.9829283,5,2870651.324,"98.335%",5,68835.30319,114355.3032,5834808578,0.9570333,5,"Kayah State"
96958821902779,"Loikaw","1001",20,5.88,5.5,1.14,"Doka",143,179,NA,0.0151,0.0157,179,"DRD","Kayah","10","Hpruso","100103","Doka",10010310009,"27","21",143,"Tothipho","10010310","233","1345",96.9588281,19.0277935,51,18.63013699,"grid",32920,4522.555288,37412,53081082.37,"86.03262%",5,7661716,0.9831515,5,2871294.247,"98.357%",5,90451.10576,123371.1058,5837792663,0.9575227,5,"Kayah State"
96954261903542,"Loikaw","1001",20,5.88,5.5,1.14,"Sawdoko",143,179,NA,0.0151,0.0157,179,"DRD","Kayah","10","Hpruso","100103","Sawdoko",10010310008,"29","23",143,"Tothipho","10010310","233","1345",96.9542653,19.0354274,51,18.63013699,"grid",32920,974.9837274,37413,53082057.35,"86.03420%",5,7661767,0.983158,5,2871312.877,"98.357%",5,19499.67455,52419.67455,5837845083,0.9575313,5,"Kayah State"
96983301932103,"Loikaw","1001",20,5.88,5.5,1.14,"Homohti",88,110,NA,0.0151,0.0157,110,"DRD","Kayah","10","Hpruso","100103","Homohti",10010313004,"18","16",88,"Hoya","10010313","377","2186",96.983309,19.3210383,32,11.68949772,"grid",21520,1550.142335,37845,54027938.46,"87.56726%",5,7683951,0.9860047,5,2879423.562,"98.635%",5,31002.84671,52522.84671,5871068218,0.9629806,5,"Kayah State"
96974271908746,"Loikaw","1001",20,5.88,5.5,1.14,"Tothipho",191,239,NA,0.0151,0.0157,239,"DRD","Kayah","10","Hpruso","100103","Tothipho",10010310007,"40","34",191,"Tothipho","10010310","233","1345",96.9742713,19.0874603,67,24.47488584,"grid",42520,3990.588118,37930,54225164.05,"87.88692%",5,7688549,0.9865947,5,2881090.411,"98.692%",5,79811.76235,122331.7624,5877959193,0.9641109,5,"Kayah State"
96916271934841,"Loikaw","1001",20,5.88,5.5,1.14,"Doraw(upper)",123,154,NA,0.0151,0.0157,154,"DRD","Kayah","10","Hpruso","100103","Doraw(upper)",10010313008,"29","22",123,"Hoya","10010313","377","2186",96.9162716,19.3484149,45,16.43835616,"grid",29320,4187.719403,37969,54330959.37,"88.05839%",5,7690539,0.98685,5,2881825.388,"98.717%",5,83754.38807,113074.3881,5881351841,0.9646674,5,"Kayah State"
96904771932551,"Loikaw","1001",20,5.88,5.5,1.14,"htihkudo",174,218,NA,0.0151,0.0157,218,"DRD","Kayah","10","Hpruso","100103","htihkudo",10010313007,"37","33",174,"Hoya","10010313","377","2186",96.904777,19.3255133,62,22.64840183,"grid",39520,2817.698987,37970,54333777.07,"88.06296%",5,7690601,0.986858,5,2881841.826,"98.718%",5,56353.97974,95873.97974,5881447715,0.9646831,5,"Kayah State"
96897701932249,"Loikaw","1001",20,5.88,5.5,1.14,"doraw(lower)",128,160,NA,0.0151,0.0157,160,"DRD","Kayah","10","Hpruso","100103","doraw(lower)",10010313006,"27","24",128,"Hoya","10010313","377","2186",96.8977029,19.322496,46,16.80365297,"grid",29920,814.5921858,37971,54334591.66,"88.06428%",5,7690647,0.9868639,5,2881864.475,"98.719%",5,16291.84372,46211.84372,5881493927,0.9646907,5,"Kayah State"
96884281934631,"Taunggyi","1601",19,6.05,5.46,1,"Pa Yay Pa Lo",213,235,NA,0.0066,0.0114,235,"DRD","Shan (S)","16","phekhon","160103","Pa Yay Pa Lo",16010303007,"32","32",213,"Ka Yaw","16010303","167","1161",96.8842893,19.3463171,49,17.89954338,"grid",31720,2999.480549,37972,54337591.14,"88.06914%",5,7690696,0.9868702,5,2881881.279,"98.719%",5,56990.13042,88710.13042,5881582637,0.9647052,5,"Kayah State"
97358741896371,"Baw-la-keal","1002",20,5.88,5.5,1.14,"Sawn-glaw",223,279,NA,0.0151,0.0157,279,"DRD","Kayah","10","Baw-la-keal","100201","Sawn-glaw",10020102003,"33","33",223,"Kyi-kual","10020102","120","987",97.3587457,18.963718,78,28.49315068,"grid",49120,4687.38698,38029,54444084.17,"88.24174%",5,7692860,0.9871479,5,2882661.187,"98.746%",5,93747.7396,142867.7396,5885139208,0.9652886,5,"Kayah State"
97151921875819,"bawlakhae","1002",20,5.88,5.5,1.14,"hawlo",215,269,NA,0.0151,0.0157,269,"DRD","Kayah","10","pharsaung","100202","hawlo",10020205006,"22","22",215,"bahanlaw","10020206","200","1950",97.1519246,18.7581969,76,27.76255708,"grid",47920,4674.788861,38138,54714814.16,"88.68054%",5,7698231,0.9878371,5,2884623.927,"98.813%",5,93495.77722,141415.7772,5893980148,0.9667387,5,"Kayah State"
97089911900199,"bawlakhae","1002",20,5.88,5.5,1.14,"ywakagyi",195,244,NA,0.0151,0.0157,244,"DRD","Kayah","10","pharsaung","100202","ywakagyi",10020205005,"17","17",195,"bahanlaw","10020206","200","1950",97.0899134,19.0019929,68,24.84018265,"grid",43120,4344.268687,38241,54982240.21,"89.11398%",5,7703355,0.9884946,5,2886498.63,"98.877%",5,86885.37374,130005.3737,5902583307,0.9681498,5,"Kayah State"
97134581905665,"bawlakhae","1002",20,5.88,5.5,1.14,"kapwehpo",357,447,NA,0.0151,0.0157,447,"DRD","Kayah","10","pharsaung","100202","kapwehpo",10020205002,"40","40",357,"bahanlaw","10020206","200","1950",97.1345845,19.0566546,123,44.93150685,"grid",78620,7680.729649,38242,54989920.94,"89.12642%",5,7703478,0.9885104,5,2886523.47,"98.878%",5,153614.593,232234.593,5902815542,0.9681879,5,"Kayah State"
96973041928892,"Loikaw","1001",20,5.88,5.5,1.14,"Likupra",164,205,NA,0.0151,0.0157,205,"DRD","Kayah","10","Hpruso","100103","Likupra",10010313005,"35","32",164,"Hoya","10010313","377","2186",96.9730428,19.2889236,58,21.18721461,"grid",37120,3729.977952,38327,55175607.94,"89.42738%",5,7707125,0.9889783,5,2887879.452,"98.925%",5,74599.55904,111719.559,5908897548,0.9691854,5,"Kayah State"
97202491942728,"Loikaw","1001",20,5.88,5.5,1.14,"Dawlyahku",121,152,NA,0.0151,0.0157,152,"DRD","Kayah","10","Hpruso","100103","Dawlyahku",10010302001,"26","24",121,"Kyelya","10010302","366","2076",97.2024941,19.4272832,44,16.07305936,"grid",28720,2841.402649,38342,55209778.35,"89.48276%",5,7707824,0.989068,5,2888139.909,"98.934%",5,56828.05297,85548.05297,5910021048,0.9693697,5,"Kayah State"
97338741984504,"Loikaw","1001",20,5.88,5.5,1.14,"Lom-pu",245,307,NA,0.0151,0.0157,307,"DRD","Kayah","10","Loikaw","100101","Lom-pu",10010113008,"","",245,"Tee-long","10010113","298","1482",97.3387492,19.8450492,86,31.41552511,"grid",53920,5631.802069,38405,55353022.91,"89.71493%",5,7710468,0.9894073,5,2889090.411,"98.966%",5,112636.0414,166556.0414,5914617565,0.9701236,5,"Kayah State"
97199801997614,"Loikaw","1001",20,5.88,5.5,1.14,"Thar-youth",175,219,NA,0.0151,0.0157,219,"DRD","Kayah","10","Loikaw","100101","Thar-youth",10010111012,"","",175,"Loi-lem-lay","10010111","899","4125",97.1998035,19.9761497,62,22.64840183,"grid",39520,9236.988488,38821,56443217.29,"91.48189%",5,7730633,0.9919949,5,2896465.388,"99.219%",5,184739.7698,224259.7698,5949610901,0.9758633,5,"Kayah State"
97193841997823,"Loikaw","1001",20,5.88,5.5,1.14,"Nan-nao",129,162,NA,0.0151,0.0157,162,"DRD","Kayah","10","Loikaw","100101","Nan-nao",10010111015,"","",129,"Loi-lem-lay","10010111","899","4125",97.1938445,19.9782353,46,16.80365297,"grid",29920,664.5211873,38822,56443881.81,"91.48297%",5,7730679,0.9920008,5,2896488.037,"99.220%",5,13290.42375,43210.42375,5949654111,0.9758704,5,"Kayah State"
97178251997893,"Loikaw","1001",20,5.88,5.5,1.14,"hkok-law",148,185,NA,0.0151,0.0157,185,"DRD","Kayah","10","Loikaw","100101","hkok-law",10010111014,"","",148,"Loi-lem-lay","10010111","899","4125",97.1782518,19.9789303,53,19.36073059,"grid",34120,1631.322086,38823,56445513.13,"91.48561%",5,7730732,0.9920076,5,2896504.84,"99.220%",5,32626.44171,66746.44171,5949720858,0.9758813,5,"Kayah State"
97378321968732,"Loikaw","1001",20,5.88,5.5,1.14,"Dawkle-tegyi",149,187,NA,0.0151,0.0157,187,"DRD","Kayah","10","Loikaw","100101","Dawkle-tegyi",10010106003,"","",149,"Pa-lao","","192","1025",97.3783297,19.6873291,54,19.7260274,"grid",34720,448.4727606,38832,56468102.53,"91.52223%",5,7731199,0.9920675,5,2896675.068,"99.226%",5,8969.455212,43689.45521,5950467397,0.9760038,5,"Kayah State"
96925221937544,"Loikaw","1001",20,5.88,5.5,1.14,"Tamohko",174,218,NA,0.0151,0.0157,218,"DRD","Kayah","10","Hpruso","100103","Tamohko",10010313009,"39","33",174,"Hoya","10010313","377","2186",96.9252216,19.3754404,62,22.64840183,"grid",39520,3148.364521,39211,57461081.28,"93.13162%",5,7747367,0.9941422,5,2902578.265,"99.428%",5,62967.29042,102487.2904,5980955690,0.9810045,5,"Kayah State"
97072141920008,"Loikaw","1001",20,5.88,5.5,1.14,"Kohso",97,122,NA,0.0151,0.0157,122,"DRD","Kayah","10","Hpruso","100103","Kohso",10010307007,"21","18",97,"Tolahso","10010307","277","1454",97.0721407,19.2000811,36,13.15068493,"grid",23920,2978.477879,39421,58042226.91,"94.07353%",5,7755878,0.9952343,5,2905696.804,"99.535%",5,59569.55759,83489.55759,5998335600,0.9838552,5,"Kayah State"
97411201921331,"Baw-la-keal","1002",20,5.88,5.5,1.14,"Hawh-kam",97,122,NA,0.0151,0.0157,122,"DRD","Kayah","10","Baw-la-keal","100201","Hawh-kam",10020103001,"14","14",97,"Saw-lon","10020103","53","384",97.411209,19.2133108,36,13.15068493,"grid",23920,7467.337177,39458,58148126.65,"94.24517%",5,7757186,0.9954022,5,2906174.612,"99.551%",5,149346.7435,173266.7435,6001343554,0.9843486,5,"Kayah State"
97424641921949,"Baw-la-keal","1002",20,5.88,5.5,1.14,"Loi-waing",132,165,NA,0.0151,0.0157,165,"DRD","Kayah","10","Baw-la-keal","100201","Loi-waing",10020103003,"18","18",132,"Saw-lon","10020103","53","384",97.4246497,19.2194935,47,17.16894977,"grid",30520,1569.813004,39459,58149696.46,"94.24772%",5,7757233,0.9954082,5,2906187.763,"99.552%",5,31396.26008,61916.26008,6001405470,0.9843587,5,"Kayah State"
97419541922693,"Baw-la-keal","1002",20,5.88,5.5,1.14,"Saw-lon",156,195,NA,0.0151,0.0157,195,"DRD","Kayah","10","Baw-la-keal","100201","Saw-lon",10020103002,"21","21",156,"Saw-lon","10020103","53","384",97.4195422,19.2269307,56,20.456621,"grid",35920,985.6339392,39460,58150682.1,"94.24931%",5,7757289,0.9954154,5,2906204.932,"99.552%",5,19712.67878,55632.67878,6001461103,0.9843678,5,"Kayah State"
97372511976678,"Loikaw","1001",20,5.88,5.5,1.14,"Wan-ngawn",280,351,NA,0.0151,0.0157,351,"DRD","Kayah","10","Loikaw","100101","Wan-ngawn",10010113003,"","",280,"Tee-long","10010113","298","1482",97.3725182,19.7667853,97,35.43378995,"grid",60520,8856.055157,39506,58294992.9,"94.48321%",5,7759073,0.9956443,5,2906841.644,"99.574%",5,177121.1031,237641.1031,6005515504,0.9850328,5,"Kayah State"
97423401982026,"Loikaw","1001",20,5.88,5.5,1.14,"Tee-long",69,86,NA,0.0151,0.0157,86,"DRD","Kayah","10","Loikaw","100101","Tee-long",10010113001,"","",69,"Tee-long","10010113","298","1482",97.4234025,19.8202608,26,9.497716895,"grid",17920,7981.246691,39507,58302974.14,"94.49615%",5,7759099,0.9956476,5,2906877.078,"99.575%",5,159624.9338,177544.9338,6005693049,0.985062,5,"Kayah State"
97430511983015,"Loikaw","1001",20,5.88,5.5,1.14,"Daw-se`",150,188,NA,0.0151,0.0157,188,"DRD","Kayah","10","Loikaw","100101","Daw-se`",10010113004,"","",150,"Tee-long","10010113","298","1482",97.4305176,19.8301527,54,19.7260274,"grid",34720,1328.077748,39508,58304302.22,"94.49830%",5,7759153,0.9956546,5,2906886.575,"99.576%",5,26561.55496,61281.55496,6005754331,0.985072,5,"Kayah State"
97450771983382,"Loikaw","1001",20,5.88,5.5,1.14,"Daw-par-pa",152,190,NA,0.0151,0.0157,190,"DRD","Kayah","10","Loikaw","100101","Daw-par-pa",10010113005,"","",152,"Tee-long","10010113","298","1482",97.450778,19.8338279,54,19.7260274,"grid",34720,2158.286361,39509,58306460.51,"94.50180%",5,7759207,0.9956615,5,2906906.301,"99.576%",5,43165.72721,77885.72721,6005832216,0.9850848,5,"Kayah State"
97448991984813,"Loikaw","1001",20,5.88,5.5,1.14,"Tat-wa",69,86,NA,0.0151,0.0157,86,"DRD","Kayah","10","Loikaw","100101","Tat-wa",10010113007,"","",69,"Tee-long","10010113","298","1482",97.44899,19.84813,26,9.497716895,"grid",17920,1601.281738,39510,58308061.79,"94.50439%",5,7759233,0.9956648,5,2906926.027,"99.577%",5,32025.63476,49945.63476,6005882162,0.985093,5,"Kayah State"
97453461917983,"Baw-la-keal","1002",20,5.88,5.5,1.14,"Namlin",75,94,NA,0.0151,0.0157,94,"DRD","Kayah","10","Yuarthet","100204","Namlin",10020403001,"13","13",75,"Nam-ma-lin","10020403","13","75",97.4534673,19.1798394,28,10.2283105,"grid",19120,5347.881374,39989,59750101.98,"96.84162%",5,7777015,0.9979466,5,2913421.005,"99.800%",5,106957.6275,126077.6275,6046636995,0.9917776,5,"Kayah State"
97435381915284,"Baw-la-keal","1002",20,5.88,5.5,1.14,"Wan-pha-gyi",161,202,NA,0.0151,0.0157,202,"DRD","Kayah","10","Yuarthet","100204","Wan-pha-gyi",10020401002,"34","34",161,"Loi-weng","10020401","43","205",97.4353825,19.1528431,58,21.18721461,"grid",37120,3552.342996,39990,59753654.32,"96.84738%",5,7777073,0.9979541,5,2913431.233,"99.800%",5,71046.85992,108166.8599,6046745162,0.9917954,5,"Kayah State"
97048851915028,"Loikaw","1001",20,5.88,5.5,1.14,"Presawhku",59,74,NA,0.0151,0.0157,74,"DRD","Kayah","10","Hpruso","100103","Presawhku",10010310001,"13","11",59,"Tothipho","10010310","233","1345",97.0488548,19.150286,23,8.401826484,"grid",16120,2633.636311,40121,60171195.69,"97.52412%",5,7781183,0.9984815,5,2914945.388,"99.852%",5,52672.72621,68792.72621,6057948068,0.9936329,5,"Kayah State"
97664441867055,"","",20,5.88,5.5,1.14,"Mese",934,1170,NA,0.0151,0.0157,1170,"DRD","Kayah","10","","","",NA,"","",NA,"","","","",97.664444,18.670556,315,115.0684932,"grid",196320,39317.47687,40271,60705598.12,"98.39026%",5,7785926,0.9990901,5,2916571.324,"99.908%",5,786349.5373,982669.5373,6071861654,0.995915,5,"Kayah State"
96939731957638,"Taunggyi","1601",19,6.05,5.46,1,"Sout Ton",86,95,NA,0.0066,0.0114,95,"DRD","Shan (S)","16","phekhon","160103","Sout Ton",16010304019,"22","20",86,"Alai Ka Yan","16010304","674","4334",96.9397385,19.5763848,21,7.671232877,"grid",14920,2820.687713,40349,60999037.99,"98.86587%",5,7788290,0.9993934,5,2917542.283,"99.941%",5,53593.06656,68513.06656,6079347852,0.9971429,5,"Kayah State"
96908171952371,"Taunggyi","1601",19,6.05,5.46,1,"Kan Ka Lo",NA,0,NA,0.0066,0.0114,0,"DRD","Shan (S)","16","phekhon","160103","Kan Ka Lo",16010304025,"","",NA,"Alai Ka Yan","16010304","674","4334",96.9081761,19.5237147,0,NA,"unelectrified",NA,NA,NA,NA,"",NA,NA,NA,NA,NA,"",NA,NA,NA,NA,NA,NA,"Kayah State"
97065331886941,"bawlakhae","1002",20,5.88,5.5,1.14,"pwado",55,69,NA,0.0151,0.0157,69,"DRD","Kayah","10","pharsaung","100202","pwado",10020206001,"10","10",55,"bahanlog","10020206","200","1950",97.0653386,18.8694152,22,8.03652968,"mini-grid",15520,NA,NA,NA,"",NA,NA,NA,NA,NA,"",NA,NA,NA,NA,NA,NA,"Kayah State"
97284161988185,"Loikaw","1001",20,5.88,5.5,1.14,"Yea-ni-kan",0,0,NA,0.0151,0.0157,0,"DRD","Kayah","10","Loikaw","100101","Yea-ni-kan",10010112015,"","",0,"Htee-sai-hsa","10010112","582","2501",97.2841672,19.881853,0,NA,"unelectrified",NA,NA,NA,NA,"",NA,NA,NA,NA,NA,"",NA,NA,NA,NA,NA,NA,"Kayah State"
97351211953585,"Loikaw","1001",20,5.88,5.5,1.14,"Daw-hsaw-le",0,0,NA,0.0151,0.0157,0,"DRD","Kayah","10","Loikaw","100101","Daw-hsaw-le",10010101003,"18","18",0,"Hteetanga","10010101","0","0",97.3512134,19.535858,0,NA,"unelectrified",NA,NA,NA,NA,"",NA,NA,NA,NA,NA,"",NA,NA,NA,NA,NA,NA,"Kayah State"
97361331951679,"Loikaw","1001",20,5.88,5.5,1.14,"Daw-hku-le",0,0,NA,0.0151,0.0157,0,"DRD","Kayah","10","Loikaw","100101","Daw-hku-le",10010101002,"14","14",0,"Hteetanga","10010101","0","0",97.3613394,19.5167958,0,NA,"unelectrified",NA,NA,NA,NA,"",NA,NA,NA,NA,NA,"",NA,NA,NA,NA,NA,NA,"Kayah State"
97411881942726,"Loikaw","1001",20,5.88,5.5,1.14,"Hti-ta-nga",172,215,NA,0.0151,0.0157,215,"DRD","Kayah","10","Loikaw","100101","Hti-ta-nga",10010101001,"34","34",172,"Hteetanga","10010101","0","0",97.4118812,19.4272693,61,22.28310502,"mini-grid",38920,NA,NA,NA,"",NA,NA,NA,NA,NA,"",NA,NA,NA,NA,NA,NA,"Kayah State"
97447741978704,"Loikaw","1001",20,5.88,5.5,1.14,"Hsu-hpe-law",64,80,NA,0.0151,0.0157,80,"DRD","Kayah","10","Loikaw","100101","Hsu-hpe-law",10010106007,"","",64,"Pa-lao","","192","1025",97.4477498,19.787048,25,9.132420091,"mini-grid",17320,NA,NA,NA,"",NA,NA,NA,NA,NA,"",NA,NA,NA,NA,NA,NA,"Kayah State"
97458851934936,"Loikaw","1001",20,5.88,5.5,1.14,"Wan-ta-hku",0,0,NA,0.0151,0.0157,0,"DRD","Kayah","10","Loikaw","100101","Wan-ta-hku",10010101006,"23","23",0,"Hteetanga","10010101","0","0",97.4588591,19.3493608,0,NA,"unelectrified",NA,NA,NA,NA,"",NA,NA,NA,NA,NA,"",NA,NA,NA,NA,NA,NA,"Kayah State"
97462101944131,"Loikaw","1001",20,5.88,5.5,1.14,"Daw-lya-le",0,0,NA,0.0151,0.0157,0,"DRD","Kayah","10","Loikaw","100101","Daw-lya-le",10010101004,"12","12",0,"Hteetanga","10010101","0","0",97.4621097,19.4413173,0,NA,"unelectrified",NA,NA,NA,NA,"",NA,NA,NA,NA,NA,"",NA,NA,NA,NA,NA,NA,"Kayah State"
97466831913143,"Baw-la-keal","1002",20,5.88,5.5,1.14,"Loi-weng",21,26,NA,0.0151,0.0157,26,"DRD","Kayah","10","Yuarthet","100204","Loi-weng",10020401001,"5","5",21,"Loi-weng","10020401","43","205",97.4668344,19.1314383,10,3.652968037,"off-grid",8320,NA,NA,NA,"",NA,NA,NA,NA,NA,"",NA,NA,NA,NA,NA,NA,"Kayah State"
97470791946831,"Loikaw","1001",20,5.88,5.5,1.14,"Daw-hay-so",0,0,NA,0.0151,0.0157,0,"DRD","Kayah","10","Loikaw","100101","Daw-hay-so",10010101005,"30","30",0,"Hteetanga","10010101","0","0",97.4707994,19.4683186,0,NA,"unelectrified",NA,NA,NA,NA,"",NA,NA,NA,NA,NA,"",NA,NA,NA,NA,NA,NA,"Kayah State"
97485181913065,"Baw-la-keal","1002",20,5.88,5.5,1.14,"Ho-hta",23,29,NA,0.0151,0.0157,29,"DRD","Kayah","10","Yuarthet","100204","Ho-hta",10020401003,"4","4",23,"Loi-weng","10020401","43","205",97.4851814,19.130652,11,4.01826484,"off-grid",8920,NA,NA,NA,"",NA,NA,NA,NA,NA,"",NA,NA,NA,NA,NA,NA,"Kayah State"
97489201904424,"Baw-la-keal","1002",20,5.88,5.5,1.14,"wanpla",211,264,NA,0.0151,0.0157,264,"DRD","Kayah","10","Yuarthet","100204","wanpla",10020402001,"46","46",211,"Wan-lwal","10020402","66","325",97.4892002,19.0442465,74,27.03196347,"mini-grid",46720,NA,NA,NA,"",NA,NA,NA,NA,NA,"",NA,NA,NA,NA,NA,NA,"Kayah State"
97506491926965,"Baw-la-keal","1002",20,5.88,5.5,1.14,"Wan-loi",114,143,NA,0.0151,0.0157,143,"DRD","Kayah","10","Yuarthet","100204","Wan-loi",10020402002,"20","20",114,"Wan-lwal","10020402","66","325",97.5064988,19.2696522,42,15.34246575,"mini-grid",27520,NA,NA,NA,"",NA,NA,NA,NA,NA,"",NA,NA,NA,NA,NA,NA,"Kayah State"
